timestamp;song_title;artist;streams;url;saved_file
2026-03-08 16:49:11;Da Coconut Nut;BINI;16329206;https://open.spotify.com/track/0oSyeQT1PrwyPreTBq2dDN;D:\dev\sb19\saved_pages\bini_da_coconut_nut_20260308_164911.html
2026-03-08 16:49:21;Born To Win;BINI;18593542;https://open.spotify.com/track/5ZzJXBVQCTolSrzUdPJduW;D:\dev\sb19\saved_pages\bini_born_to_win_20260308_164920.html
2026-03-08 16:49:30;Golden Arrow;BINI;17411802;https://open.spotify.com/track/4XQV9Qs6N1sjfOq83IhILo;D:\dev\sb19\saved_pages\bini_golden_arrow_20260308_164930.html
2026-03-08 16:49:40;B HU U R;BINI;4325984;https://open.spotify.com/track/6B8LtMPhqUFuqQIxi5y8yb;D:\dev\sb19\saved_pages\bini_b_hu_u_r_20260308_164940.html
2026-03-08 16:49:49;Na Na Na;BINI;67412743;https://open.spotify.com/track/4aqkICleG6HLRc2ygpWqN1;D:\dev\sb19\saved_pages\bini_na_na_na_20260308_164949.html
2026-03-08 16:49:59;Kinikilig;BINI;13934762;https://open.spotify.com/track/2t76tRFVKZOz0nzTEnVV7u;D:\dev\sb19\saved_pages\bini_kinikilig_20260308_164959.html
2026-03-08 16:50:08;Kapit Lang;BINI;6481635;https://open.spotify.com/track/47FtbLmQPMVEGbmKTmNnbb;D:\dev\sb19\saved_pages\bini_kapit_lang_20260308_165008.html
2026-03-08 16:50:18;8;BINI;15266851;https://open.spotify.com/track/6i6gQ9Mqnv4Sn7OlfObobC;D:\dev\sb19\saved_pages\bini_8_20260308_165018.html
2026-03-08 16:50:27;Here With You;BINI;11560899;https://open.spotify.com/track/1Q6UGbt7c2l4HnopdXNHpS;D:\dev\sb19\saved_pages\bini_here_with_you_20260308_165027.html
2026-03-08 16:50:37;Born To Win (Bahasa Version);BINI;813364;https://open.spotify.com/track/394JRt671aKXriMkSgQdlX;D:\dev\sb19\saved_pages\bini_born_to_win_bahasa_version_20260308_165037.html
2026-03-08 16:50:46;Born To Win (Japanese Version);BINI;805663;https://open.spotify.com/track/6tPZhsZ88xN6qeoiB2jMSh;D:\dev\sb19\saved_pages\bini_born_to_win_japanese_version_20260308_165046.html
2026-03-08 16:50:56;Born To Win (Thai Version);BINI;697715;https://open.spotify.com/track/2LFxumraiSEPCBIo7rGQwH;D:\dev\sb19\saved_pages\bini_born_to_win_thai_version_20260308_165056.html
2026-03-08 16:51:05;Born To Win (Spanish Version);BINI;679161;https://open.spotify.com/track/1OHZoYZUc7RmPqISO7aKCS;D:\dev\sb19\saved_pages\bini_born_to_win_spanish_version_20260308_165105.html
2026-03-08 16:51:18;Born To Win (Acapella);BINI;668688;https://open.spotify.com/track/3wOh9gU88iPeQO4eHBq23z;D:\dev\sb19\saved_pages\bini_born_to_win_acapella_20260308_165118.html
2026-03-08 16:51:29;Born To Win (EDM Version);BINI;431217;https://open.spotify.com/track/1vJuqN76Wrrxl9FcGc8JCi;D:\dev\sb19\saved_pages\bini_born_to_win_edm_version_20260308_165129.html
2026-03-08 16:51:39;Born To Win (String Quartet Version);BINI;378308;https://open.spotify.com/track/6DrXWDcVYh933uk9ygjFyT;D:\dev\sb19\saved_pages\bini_born_to_win_string_quartet_version_20260308_165139.html
2026-03-08 16:51:48;Born To Win (Instrumental);BINI;292495;https://open.spotify.com/track/2RisvAWnWIxFGz3cSFknSY;D:\dev\sb19\saved_pages\bini_born_to_win_instrumental_20260308_165148.html
2026-03-08 16:51:58;Born To Win (Latin Version);BINI;272492;https://open.spotify.com/track/7CCXN1euWg5yU21YTYbR0K;D:\dev\sb19\saved_pages\bini_born_to_win_latin_version_20260308_165158.html
2026-03-08 16:52:07;Pit a Pat;BINI;10730023;https://open.spotify.com/track/5uo819IFkx2XeL5cLNhfsU;D:\dev\sb19\saved_pages\bini_pit_a_pat_20260308_165207.html
2026-03-08 16:52:17;Love Yourself;BINI;7577248;https://open.spotify.com/track/7uB49FMeQDpoVwTSYnYsdz;D:\dev\sb19\saved_pages\bini_love_yourself_20260308_165217.html
2026-03-08 16:52:26;Up!;BINI;1865670;https://open.spotify.com/track/7aii4AQA1uyyzGcfqtApy1;D:\dev\sb19\saved_pages\bini_up_20260308_165226.html
2026-03-08 16:52:36;Kabataang Pinoy;BINI;9180042;https://open.spotify.com/track/6aXWWGw7sQJLx82jZndSQZ;D:\dev\sb19\saved_pages\bini_kabataang_pinoy_20260308_165236.html
2026-03-08 16:52:46;Made for All;BINI;6933594;https://open.spotify.com/track/580EzR9sfqKVUTRGAcPzcN;D:\dev\sb19\saved_pages\bini_made_for_all_20260308_165245.html
2026-03-08 16:52:55;No Fear;BINI;11892901;https://open.spotify.com/track/5xNbWnsQJ9lyzPlK36J1cm;D:\dev\sb19\saved_pages\bini_no_fear_20260308_165255.html
2026-03-08 16:53:05;Lagi;BINI;94255125;https://open.spotify.com/track/5YV9UyeC3dMV4kuRiTMGJs;D:\dev\sb19\saved_pages\bini_lagi_20260308_165305.html
2026-03-08 16:53:14;I Feel Good;BINI;38395161;https://open.spotify.com/track/4ugPBlOXJtKOkOxQRQpUVE;D:\dev\sb19\saved_pages\bini_i_feel_good_20260308_165314.html
2026-03-08 16:53:24;Huwag Muna Tayong Umuwi;BINI;67840070;https://open.spotify.com/track/7haQq014RoahMX6spW4z1z;D:\dev\sb19\saved_pages\bini_huwag_muna_tayong_umuwi_20260308_165324.html
2026-03-08 16:53:33;Strings;BINI;20267014;https://open.spotify.com/track/4J20QVGtdAAOYMpb8iY2GG;D:\dev\sb19\saved_pages\bini_strings_20260308_165333.html
2026-03-08 16:53:43;Lagi (Acoustic Version);BINI;5298221;https://open.spotify.com/track/4o9MuuglWRF9SqZ9hDDHE4;D:\dev\sb19\saved_pages\bini_lagi_acoustic_version_20260308_165343.html
2026-03-08 16:53:52;Strings (Dance Version);BINI;3578172;https://open.spotify.com/track/2u12rBuVmArXK9N1iGsaIa;D:\dev\sb19\saved_pages\bini_strings_dance_version_20260308_165352.html
2026-03-08 16:54:02;Karera;BINI;123900491;https://open.spotify.com/track/1RL9cRcuzCrs75Wb2aq9Op;D:\dev\sb19\saved_pages\bini_karera_20260308_165402.html
2026-03-08 16:54:12;Pantropiko;BINI;203103657;https://open.spotify.com/track/03vwhCqyxupZDVEncdnCSc;D:\dev\sb19\saved_pages\bini_pantropiko_20260308_165412.html
2026-03-08 16:54:21;Super Crush;BINI;6355627;https://open.spotify.com/track/56wTbR92GiVk86sH3KWR34;D:\dev\sb19\saved_pages\bini_super_crush_20260308_165421.html
2026-03-08 16:54:31;Salamin, Salamin;BINI;200354727;https://open.spotify.com/track/1iIJtD9hkzw4ZHfR7ND9yb;D:\dev\sb19\saved_pages\bini_salamin_salamin_20260308_165431.html
2026-03-08 16:54:40;Ang Huling Cha Cha;BINI;23746202;https://open.spotify.com/track/7Dx27QY6OJmWv4ZSCW9OpF;D:\dev\sb19\saved_pages\bini_ang_huling_cha_cha_20260308_165440.html
2026-03-08 16:54:50;Na Na Nandito Lang;BINI;26724308;https://open.spotify.com/track/3iiFRTfSUP34KVekvWoV3F;D:\dev\sb19\saved_pages\bini_na_na_nandito_lang_20260308_165450.html
2026-03-08 16:54:59;Diyan Ka Lang;BINI;20391093;https://open.spotify.com/track/7j3FzXqlvcSpe58Ska2tes;D:\dev\sb19\saved_pages\bini_diyan_ka_lang_20260308_165459.html
2026-03-08 16:55:09;Bata, Kaya Mo!;BINI;8514466;https://open.spotify.com/track/4UTORTDvblo2N3PNWifEzp;D:\dev\sb19\saved_pages\bini_bata_kaya_mo_20260308_165509.html
2026-03-08 16:55:19;Cherry On Top;BINI;72468630;https://open.spotify.com/track/2JniqTObhmaYjn83J6qiED;D:\dev\sb19\saved_pages\bini_cherry_on_top_20260308_165518.html
2026-03-08 16:55:28;Cherry On Top (BiniMo Remix);BINI;4406408;https://open.spotify.com/track/0x4uB9NwFEmYrGlUFI9Kci;D:\dev\sb19\saved_pages\bini_cherry_on_top_binimo_remix_20260308_165528.html
2026-03-08 16:55:38;Blooming;BINI;6315046;https://open.spotify.com/track/52YkZd4cJahDlGxQquQqSa;D:\dev\sb19\saved_pages\bini_blooming_20260308_165538.html
2026-03-08 16:55:47;Gandang Vitakeratin;BINI;5312279;https://open.spotify.com/track/5tQvi25iQvL5Raxg4rkdEN;D:\dev\sb19\saved_pages\bini_gandang_vitakeratin_20260308_165547.html
2026-03-08 16:55:57;Hairkada, Ilugay Mo!;BINI;1350288;https://open.spotify.com/track/3QK0nqizj5doSadlfkcbL1;D:\dev\sb19\saved_pages\bini_hairkada_ilugay_mo_20260308_165557.html
2026-03-08 16:56:06;Icon;BINI;3819876;https://open.spotify.com/track/5nqKckFx3jU5JM3bd1EwGB;D:\dev\sb19\saved_pages\bini_icon_20260308_165606.html
2026-03-08 16:56:16;Laging Fudgee, Fudgee Lagi;BINI;1335410;https://open.spotify.com/track/6Rne3AZj7AcRcrmnKT3nRM;D:\dev\sb19\saved_pages\bini_laging_fudgee_fudgee_lagi_20260308_165616.html
2026-03-08 16:56:25;Joy To The World;BINI;3528906;https://open.spotify.com/track/0SpVJoztP97waXXnu0GjbL;D:\dev\sb19\saved_pages\bini_joy_to_the_world_20260308_165625.html
2026-03-08 16:56:35;Our Stories Shine This Christmas;BINI;1978609;https://open.spotify.com/track/5YleyXVovexQBfPTQx6dJt;D:\dev\sb19\saved_pages\bini_our_stories_shine_this_christmas_20260308_165635.html
2026-03-08 16:56:44;Blink Twice;BINI;41179589;https://open.spotify.com/track/0G2SvoKHnMnoX5UQDCIx51;D:\dev\sb19\saved_pages\bini_blink_twice_20260308_165644.html
2026-03-08 16:56:54;Zero Pressure;BINI;10254890;https://open.spotify.com/track/4xWZwHrIn5uS3Nft08Rk5O;D:\dev\sb19\saved_pages\bini_zero_pressure_20260308_165654.html
2026-03-08 16:57:04;Secrets;BINI;6459738;https://open.spotify.com/track/0hzFVTCkNnMgRrBiTgRuXC;D:\dev\sb19\saved_pages\bini_secrets_20260308_165704.html
2026-03-08 16:57:13;Out Of My Head;BINI;6935166;https://open.spotify.com/track/6SKjhbUSGDjTPCEGYYonWO;D:\dev\sb19\saved_pages\bini_out_of_my_head_20260308_165713.html
2026-03-08 16:57:23;Blink Twice (Dos Veces Remix);BINI;2807054;https://open.spotify.com/track/6SNHfk6CipQOSALhblynof;D:\dev\sb19\saved_pages\bini_blink_twice_dos_veces_remix_20260308_165723.html
2026-03-08 16:57:32;Blink Twice (Taglish Version);BINI;716209;https://open.spotify.com/track/12dI6qK0w7Grhim6Gx7Xzx;D:\dev\sb19\saved_pages\bini_blink_twice_taglish_version_20260308_165732.html
2026-03-08 16:57:42;TOP;BINI;3496257;https://open.spotify.com/track/2XZsdeacLnuHfQCetOSIdX;D:\dev\sb19\saved_pages\bini_top_20260308_165742.html
2026-03-08 16:57:51;OXYGEN;BINI;4402566;https://open.spotify.com/track/2rvqMC6SRBCHcwFdMmaHfK;D:\dev\sb19\saved_pages\bini_oxygen_20260308_165751.html
2026-03-08 16:58:01;First Luv;BINI;10428897;https://open.spotify.com/track/0qHbCeNAPB7EaKxWiyaAMP;D:\dev\sb19\saved_pages\bini_first_luv_20260308_165801.html
2026-03-08 16:58:11;Sweet Tooth;BINI;5062237;https://open.spotify.com/track/4255eE0aWSyfbIWTpIE1qu;D:\dev\sb19\saved_pages\bini_sweet_tooth_20260308_165811.html
2026-03-08 16:58:20;Paruparo;BINI;4866160;https://open.spotify.com/track/0waZh26XErLP0Za4Dgc3T0;D:\dev\sb19\saved_pages\bini_paruparo_20260308_165820.html
2026-03-08 16:58:30;Infinity;BINI;4512873;https://open.spotify.com/track/6rKlGBShPmNsQkzvEvdwqq;D:\dev\sb19\saved_pages\bini_infinity_20260308_165830.html
2026-03-08 16:58:40;Katabi;BINI;4974307;https://open.spotify.com/track/01R8mmP7FyotvSQkjlxK7v;D:\dev\sb19\saved_pages\bini_katabi_20260308_165839.html
2026-03-08 16:58:49;Bikini;BINI;9366325;https://open.spotify.com/track/03Tt2qPSQKaXMkLtZ3Zwg9;D:\dev\sb19\saved_pages\bini_bikini_20260308_165849.html
2026-03-08 16:58:59;Shagidi;BINI;13769225;https://open.spotify.com/track/7zKYsYbbC7N8C5QOOtTlZx;D:\dev\sb19\saved_pages\bini_shagidi_20260308_165859.html
2026-03-08 16:59:08;Unang Kilig;BINI;287573;https://open.spotify.com/track/7mfaRuBDtbywhmLSoPSscp;D:\dev\sb19\saved_pages\bini_unang_kilig_20260308_165908.html
2026-03-08 16:59:20;Honey Honey;BINI;166222;https://open.spotify.com/track/282XNtIdfDh0NupdD8zBzp;D:\dev\sb19\saved_pages\bini_honey_honey_20260308_165920.html
