Song Title;Artist;Year;Album/EP/Single;Collaborating Artist(s);Spotify Link;Streams
DAB - Leaked interlude;HELLMERRY;2021;Single;;https://open.spotify.com/track/1zBZVwzvIEVt0GZ8IgHrD8;
444;HELLMERRY;2021;Single;;https://open.spotify.com/track/0fGnqTw6xIPbR1hPBwBILg;
Brayzie;HELLMERRY;2022;Single;;https://open.spotify.com/track/0B0WkHdHhBAMIizjeujXyE;
Loaded;HELLMERRY;2022;Single;Shanti Dope;https://open.spotify.com/track/71EPNIkuX0JzJFhED9o9S7;
420 (Ang Gaan);HELLMERRY;2022;Single;GHR, Gat Putch, Brx, Sica;https://open.spotify.com/track/5qmG4W4sS5cM9RQeMNWhU2;
BAE;HELLMERRY;2023;Single;;https://open.spotify.com/track/088jLDVpmuPCJNlt0ss9HT;
4:AM;HELLMERRY;2023;Single;;https://open.spotify.com/track/4OaVpRQJWIgMTecpLSmhnn;
Watchumean?;HELLMERRY;2023;Single;Buddahbeads;https://open.spotify.com/track/07F5kXqNeoAYDJEKEfY7WK;
Thai Freestyle;HELLMERRY;2023;Single;Tu$ Brother$;https://open.spotify.com/track/4T2OcY96txiAue0LWtmN43;
Y.G.G.;HELLMERRY;2023;Single;Shanti Dope;https://open.spotify.com/track/6RgHS7Rq2KUzdx2PkzawXq;
Buckshot;HELLMERRY;2024;BLUDEVL;Tommie King;https://open.spotify.com/track/2VuDoNmKDAhwqUL1mg5WUw;
YG'z;HELLMERRY;2024;BLUDEVL;Gaspari777;https://open.spotify.com/track/6SnoY4r6YbIu5f2TAhToKa;
Gangsta Baby;HELLMERRY;2024;BLUDEVL;Baby G;https://open.spotify.com/track/09xIqJ9tfDYHJvvBIbHgTB;
Fast Cash (Interlude);HELLMERRY;2024;BLUDEVL;;https://open.spotify.com/track/4T6C6NTQSAtAZ9Zmem7Rh8;
Regrets;HELLMERRY;2024;BLUDEVL;;https://open.spotify.com/track/07TlwpmIzJE0nMffVhJDDx;
Pano Ba?;HELLMERRY;2024;BLUDEVL;;https://open.spotify.com/track/41LSRbosSPtUxS76acDCQz;
Im Blessed;HELLMERRY;2024;BLUDEVL;Zo Fuego;https://open.spotify.com/track/69DXhPTzeqwLL5O60RJbbK;
No Snitches;HELLMERRY;2025;Single;Shanti Dope;https://open.spotify.com/track/1wYjp1056yxvsgrjJ3G7L8;
Pull Up;HELLMERRY;2025;Single;Shanti Dope;https://open.spotify.com/track/3nTarlRbtETcNwVU4N517g;
Blue Maserati;HELLMERRY;;Single;;https://open.spotify.com/track/45qFjW431flcxGBBIRQmsp;
Lucky Kingz;HELLMERRY;;Single;;https://open.spotify.com/track/0JbumP59XQzamRG25W67gu;
D14U;HELLMERRY;;Single;;https://open.spotify.com/track/2xz3eYcAkoZDWhcNKQLZ94;
AHHHCCKK! (Intro);HELLMERRY;;Unknown;;https://open.spotify.com/track/6dlhLNeU3deHm4mkeCmKiY;
Sinaloa;HELLMERRY;;Unknown;;https://open.spotify.com/track/5UED17tSompQyF0m3HNLeD;
I Like Dat;HELLMERRY;;Unknown;;https://open.spotify.com/track/2al8iPmuR5py1SLCBGMwB9;
Hot Keys;HELLMERRY;;Unknown;;https://open.spotify.com/track/3LaQcqs66ZMvgLSeQmGZQ7;
Guap;HELLMERRY;;Unknown;;https://open.spotify.com/track/1UCFwBZx2dFws0J4z1UpwN;
Not Hard;HELLMERRY;;Unknown;;https://open.spotify.com/track/1DZDxG29f1JE5qVmIcW6qQ;
Hits Senyor (Skit);HELLMERRY;;Unknown;;https://open.spotify.com/track/3Q64wLtLc9JpwqfdAEEg2d;
Woop! Woop!;HELLMERRY;;Unknown;;https://open.spotify.com/track/6ngSoq53RcdM9wsHyR3F3U;
Day2Day;HELLMERRY;;Unknown;;https://open.spotify.com/track/38lg2VTdqSG6aN3CSZwdf5;
Itim Na Van;HELLMERRY;;Unknown;;https://open.spotify.com/track/0xIL9b2aLpyp2tKqPw8Mpq;
Yeah Yo;HELLMERRY;;Unknown;;https://open.spotify.com/track/5tdDy6n7SpBlNGABf22kyq;
5 Mil;HELLMERRY;;Unknown;;https://open.spotify.com/track/7GmUJDvP0KBIx9KsYiMjHD;
WSKNNNMN;HELLMERRY;;Single;;https://open.spotify.com/track/6r9f0hAeLWfZcFfn2fEhew;
Summer Crush;HELLMERRY;;Single;;https://open.spotify.com/track/6dz4FTaIgrPIk7lfphecQh;
