artist_name,genre,monthly_listeners,followers,city_1,city_1_listeners,city_2,city_2_listeners,city_3,city_3_listeners,city_4,city_4_listeners,city_5,city_5_listeners,timestamp
BINI,1924005,20251105_042257
Ben&Ben,6554327,20251105_042257
Cup of Joe,11447358,20251105_042257
Dionela,6258704,20251105_042257
FINIX,8563,20251105_042257
Felip,174836,20251105_042257
G22,85257,20251105_042257
JOSH CULLEN,138523,20251105_042257
PABLO,168995,20251105_042257
SB19,1871308,20251105_042257
Sarah Geronimo,2457383,20251105_042257
Adie,4424199,20251105_144106
Al James,5347524,20251105_144106
Arthur Nery,7638184,20251105_144106
BINI,1924005,20251105_144106
Ben&Ben,6554327,20251105_144106
Cup of Joe,11447358,20251105_144106
Cup of Joe,11447358,20251105_144106
December Avenue,9414146,20251105_144106
Dilaw,3252111,20251105_144106
Dionela,6258704,20251105_144106
Eraserheads,3426580,20251105_144106
FINIX,8563,20251105_144106
Felip,174836,20251105_144106
Flow G,4151720,20251105_144106
G22,85257,20251105_144106
Gloc-9,5251924,20251105_144106
IV of Spades,6510169,20251105_144106
JOSH CULLEN,138523,20251105_144106
KZ Tandingan,75775,20251105_144106
Lola Amour,3154225,20251105_144106
Moira Dela Torre,3093213,20251105_144106
Morissette,1289089,20251105_144106
NOBITA,3772367,20251105_144106
Orange & Lemons,5328472,20251105_144106
PABLO,168995,20251105_144106
Parokya Ni Edgar,5873413,20251105_144106
Regine Velasquez,1532307,20251105_144106
Rivermaya,2859270,20251105_144106
SB19,1871308,20251105_144106
Sarah Geronimo,2457383,20251105_144106
Shanti Dope,4472322,20251105_144106
Silent Sanctuary,4958932,20251105_144106
Sponge Cola,2650723,20251105_144106
Stell,79889,20251105_144106
SunKissed Lola,3461490,20251105_144106
The Itchyworms,2797380,20251105_144106
Unique Salonga,3883261,20251105_144106
Yeng Constantino,1590258,20251105_144106
Zack Tabudlo,5097771,20251105_144106
juan karlos,3103564,20251105_144106
justin,233315,20251105_144106
Ben&Ben,6518501,20251108_054838
SB19,1854040,20251108_054838
BINI,1903202,20251110_184004
Ben&Ben,6469860,20251110_184004
Cup of Joe,11374916,20251110_184004
Dionela,6184490,20251110_184004
FINIX,6744,20251110_184004
Felip,176558,20251110_184004
G22,79446,20251110_184004
JOSH CULLEN,137454,20251110_184004
PABLO,165084,20251110_184004
SB19,1848542,20251110_184004
Sarah Geronimo,2407605,20251110_184004
Stell,79564,20251110_184004
justin,225370,20251110_184004
Adie,4274965,20251112_043230
Al James,3339670,20251112_043230
Arthur Nery,7824030,20251112_043230
BINI,1882530,20251112_043230
Ben&Ben,6584856,20251112_043230
Cup of Joe,11278001,20251112_043230
Cup of Joe,11278001,20251112_043230
December Avenue,9307006,20251112_043230
Dilaw,3182128,20251112_043230
Dionela,6105298,20251112_043230
Eraserheads,3568080,20251112_043230
FINIX,6182,20251112_043230
Felip,175965,20251112_043230
Flow G,4071832,20251112_043230
G22,77145,20251112_043230
Gloc-9,3311032,20251112_043230
IV of Spades,6473946,20251112_043230
JOSH CULLEN,136301,20251112_043230
KZ Tandingan,2686707,20251112_043230
Lola Amour,3093513,20251112_043230
Moira Dela Torre,3087699,20251112_043230
Morissette,1280608,20251112_043230
NOBITA,3669003,20251112_043230
Orange & Lemons,5227664,20251112_043230
PABLO,163714,20251112_043230
Parokya Ni Edgar,5747646,20251112_043230
Regine Velasquez,1483403,20251112_043230
Rivermaya,2795370,20251112_043230
SB19,1829248,20251112_043230
Sarah Geronimo,2576706,20251112_043230
Shanti Dope,4411755,20251112_043230
Silent Sanctuary,4942100,20251112_043230
Sponge Cola,2062664,20251112_043230
Stell,78629,20251112_043230
SunKissed Lola,3350202,20251112_043230
The Itchyworms,2138043,20251112_043230
Unique Salonga,3798507,20251112_043230
Yeng Constantino,1558487,20251112_043230
Zack Tabudlo,5017653,20251112_043230
juan karlos,3091386,20251112_043230
justin,219344,20251112_043230
Adie,4043186,20251130_010116
Al James,3472581,20251130_010116
Arthur Nery,8505450,20251130_010116
BINI,1899833,20251130_010116
Ben&Ben,6071572,20251130_010116
Cup of Joe,10768577,20251130_010116
Cup of Joe,10768577,20251130_010116
December Avenue,8527484,20251130_010116
Dilaw,2973543,20251130_010116
Dionela,5544729,20251130_010116
FINIX,1941,20251130_010116
Felip,178010,20251130_010116
Flow G,4018300,20251130_010116
G22,105349,20251130_010116
Gloc-9,3348866,20251130_010116
IV of Spades,6533576,20251130_010116
JOSH CULLEN,133964,20251130_010116
KZ Tandingan,2555649,20251130_010116
Lola Amour,2900787,20251130_010116
Moira Dela Torre,3079525,20251130_010116
Morissette,1279001,20251130_010116
NOBITA,3206090,20251130_010116
Orange & Lemons,5167113,20251130_010116
PABLO,152953,20251130_010116
Parokya Ni Edgar,5565469,20251130_010116
Regine Velasquez,1415543,20251130_010116
Rivermaya,2669448,20251130_010116
SB19,1591299,20251130_010116
Sarah Geronimo,2274220,20251130_010116
Shanti Dope,4333113,20251130_010116
Silent Sanctuary,4876436,20251130_010116
Sponge Cola,2446951,20251130_010116
Stell,76324,20251130_010116
SunKissed Lola,3197156,20251130_010116
The Itchyworms,2676012,20251130_010116
Unique Salonga,3492725,20251130_010116
Yeng Constantino,1595080,20251130_010116
Zack Tabudlo,5033098,20251130_010116
juan karlos,3064639,20251130_010116
justin,193036,20251130_010116
Adie,4049443,20251201_080004
Al James,3484139,20251201_080004
Arthur Nery,8525553,20251201_080004
BINI,1908910,20251201_080004
Ben&Ben,6062062,20251201_080004
Cup of Joe,10770930,20251201_080004
Cup of Joe,10770930,20251201_080004
December Avenue,8473755,20251201_080004
Dilaw,2971300,20251201_080004
Dionela,5522705,20251201_080004
Eraserheads,3291047,20251201_080004
FINIX,1940,20251201_080004
Felip,177534,20251201_080004
Flow G,4016943,20251201_080004
G22,108350,20251201_080004
Gloc-9,3348087,20251201_080004
IV of Spades,6552332,20251201_080004
JOSH CULLEN,134123,20251201_080004
KZ Tandingan,2563537,20251201_080004
Lola Amour,2892715,20251201_080004
Moira Dela Torre,3083721,20251201_080004
Morissette,1275834,20251201_080004
NOBITA,3221354,20251201_080004
Orange & Lemons,5187502,20251201_080004
PABLO,152638,20251201_080004
Regine Velasquez,1412966,20251201_080004
Rivermaya,2666314,20251201_080004
SB19,1578884,20251201_080004
Sarah Geronimo,2275105,20251201_080004
Silent Sanctuary,4891235,20251201_080004
Sponge Cola,2455255,20251201_080004
Stell,76294,20251201_080004
SunKissed Lola,3200839,20251201_080004
The Itchyworms,2687108,20251201_080004
Unique Salonga,3501102,20251201_080004
Yeng Constantino,1606529,20251201_080004
Zack Tabudlo,5046788,20251201_080004
juan karlos,3063550,20251201_080004
justin,192722,20251201_080004
Adie,4049443,20251201_140003
Al James,3484139,20251201_140003
Arthur Nery,8525553,20251201_140003
BINI,1908910,20251201_140003
Ben&Ben,6062062,20251201_140003
Cup of Joe,10770930,20251201_140003
Cup of Joe,10770930,20251201_140003
December Avenue,8473755,20251201_140003
Dilaw,2971300,20251201_140003
Dionela,5522705,20251201_140003
Eraserheads,3291047,20251201_140003
FINIX,1940,20251201_140003
Felip,177534,20251201_140003
Flow G,4016943,20251201_140003
G22,108350,20251201_140003
Gloc-9,3348087,20251201_140003
IV of Spades,6552332,20251201_140003
JOSH CULLEN,134123,20251201_140003
KZ Tandingan,2563537,20251201_140003
Lola Amour,2892715,20251201_140003
Moira Dela Torre,3083721,20251201_140003
Morissette,1275834,20251201_140003
NOBITA,3221354,20251201_140003
PABLO,152638,20251201_140003
Parokya Ni Edgar,5562127,20251201_140003
Regine Velasquez,1412966,20251201_140003
Rivermaya,2666314,20251201_140003
SB19,1578884,20251201_140003
Sarah Geronimo,2275105,20251201_140003
Shanti Dope,4335301,20251201_140003
Silent Sanctuary,4891235,20251201_140003
Sponge Cola,2455255,20251201_140003
Stell,76294,20251201_140003
SunKissed Lola,3200839,20251201_140003
The Itchyworms,2687108,20251201_140003
Unique Salonga,3501102,20251201_140003
Yeng Constantino,1606529,20251201_140003
Zack Tabudlo,5046788,20251201_140003
juan karlos,3063550,20251201_140003
justin,192722,20251201_140003
Adie,4073349,20251202_080004
Al James,3498242,20251202_080004
Arthur Nery,8544898,20251202_080004
BINI,1919727,20251202_080004
Ben&Ben,6056169,20251202_080004
Cup of Joe,10760235,20251202_080004
Cup of Joe,10760235,20251202_080004
December Avenue,8424994,20251202_080004
Dilaw,2962599,20251202_080004
Dionela,5492415,20251202_080004
Eraserheads,3292738,20251202_080004
FINIX,2021,20251202_080004
Felip,177390,20251202_080004
Flow G,4008051,20251202_080004
G22,111111,20251202_080004
Gloc-9,3343837,20251202_080004
IV of Spades,6555407,20251202_080004
JOSH CULLEN,134018,20251202_080004
KZ Tandingan,2574734,20251202_080004
Lola Amour,2871312,20251202_080004
Moira Dela Torre,3090016,20251202_080004
Morissette,1275356,20251202_080004
NOBITA,3211140,20251202_080004
Orange & Lemons,5207380,20251202_080004
PABLO,151663,20251202_080004
Parokya Ni Edgar,5560871,20251202_080004
Regine Velasquez,1412321,20251202_080004
Rivermaya,2661146,20251202_080004
SB19,1570293,20251202_080004
Sarah Geronimo,2276295,20251202_080004
Shanti Dope,4338991,20251202_080004
Silent Sanctuary,4907499,20251202_080004
Sponge Cola,2450807,20251202_080004
Stell,76011,20251202_080004
SunKissed Lola,3201595,20251202_080004
The Itchyworms,2698739,20251202_080004
Unique Salonga,3513516,20251202_080004
Yeng Constantino,1615744,20251202_080004
Zack Tabudlo,5054231,20251202_080004
juan karlos,3068305,20251202_080004
justin,192149,20251202_080004
Adie,4073349,20251202_140003
Al James,3498242,20251202_140003
Arthur Nery,8544898,20251202_140003
BINI,1919727,20251202_140003
Ben&Ben,6056169,20251202_140003
Cup of Joe,10760235,20251202_140003
Cup of Joe,10760235,20251202_140003
December Avenue,8424994,20251202_140003
Dilaw,2962599,20251202_140003
Dionela,5492415,20251202_140003
Eraserheads,3292738,20251202_140003
FINIX,2021,20251202_140003
Felip,177390,20251202_140003
Flow G,4008051,20251202_140003
G22,111111,20251202_140003
Gloc-9,3343837,20251202_140003
IV of Spades,6555407,20251202_140003
JOSH CULLEN,134018,20251202_140003
KZ Tandingan,2574734,20251202_140003
Lola Amour,2871312,20251202_140003
Moira Dela Torre,3090016,20251202_140003
Morissette,1275356,20251202_140003
NOBITA,3211140,20251202_140003
Orange & Lemons,5207380,20251202_140003
PABLO,151663,20251202_140003
Parokya Ni Edgar,5560871,20251202_140003
Regine Velasquez,1412321,20251202_140003
Rivermaya,2661146,20251202_140003
SB19,1570293,20251202_140003
Sarah Geronimo,2276295,20251202_140003
Shanti Dope,4338991,20251202_140003
Silent Sanctuary,4907499,20251202_140003
Sponge Cola,2450807,20251202_140003
Stell,76011,20251202_140003
SunKissed Lola,3201595,20251202_140003
The Itchyworms,2698739,20251202_140003
Unique Salonga,3513516,20251202_140003
Yeng Constantino,1615744,20251202_140003
Zack Tabudlo,5054231,20251202_140003
juan karlos,3068305,20251202_140003
justin,192149,20251202_140003
BINI,1935454,20251203_140003
Ben&Ben,6066665,20251203_140003
Cup of Joe,10747868,20251203_140003
Dionela,5461846,20251203_140003
FINIX,2045,20251203_140003
Felip,176151,20251203_140003
G22,113649,20251203_140003
JOSH CULLEN,134583,20251203_140003
PABLO,151489,20251203_140003
Parokya Ni Edgar,5571859,20251203_140003
SB19,1569303,20251203_140003
Sarah Geronimo,2276137,20251203_140003
Stell,75710,20251203_140003
Zack Tabudlo,5075889,20251203_140003
juan karlos,3073920,20251203_140003
justin,191529,20251203_140003
Adie,4070912,20251204_080004
Al James,3522123,20251204_080004
Arthur Nery,8558752,20251204_080004
BINI,1950925,20251204_080004
Ben&Ben,6073942,20251204_080004
Cup of Joe,10753498,20251204_080004
Cup of Joe,10753498,20251204_080004
December Avenue,8376993,20251204_080004
Dilaw,2910800,20251204_080004
Dionela,5429573,20251204_080004
Eraserheads,3503875,20251204_080004
FINIX,2076,20251204_080004
Felip,175901,20251204_080004
Flow G,4004546,20251204_080004
G22,117478,20251204_080004
Gloc-9,3350112,20251204_080004
IV of Spades,6575415,20251204_080004
JOSH CULLEN,134751,20251204_080004
KZ Tandingan,2574721,20251204_080004
Lola Amour,2879577,20251204_080004
Moira Dela Torre,3103438,20251204_080004
Morissette,1274710,20251204_080004
NOBITA,3174768,20251204_080004
Orange & Lemons,5233076,20251204_080004
PABLO,151945,20251204_080004
Parokya Ni Edgar,5583245,20251204_080004
Regine Velasquez,1416047,20251204_080004
Rivermaya,2649712,20251204_080004
SB19,1569999,20251204_080004
Sarah Geronimo,2276953,20251204_080004
Shanti Dope,4343901,20251204_080004
Silent Sanctuary,4920412,20251204_080004
Sponge Cola,2452953,20251204_080004
Stell,75567,20251204_080004
SunKissed Lola,3202776,20251204_080004
The Itchyworms,2701510,20251204_080004
Unique Salonga,3512588,20251204_080004
Yeng Constantino,1636351,20251204_080004
Zack Tabudlo,5084540,20251204_080004
juan karlos,3079294,20251204_080004
justin,190570,20251204_080004
Adie,4096247,20251205_080004
Al James,3532202,20251205_080004
Arthur Nery,8566857,20251205_080004
BINI,1965152,20251205_080004
Ben&Ben,6086895,20251205_080004
Cup of Joe,10762268,20251205_080004
Cup of Joe,10762268,20251205_080004
December Avenue,8336254,20251205_080004
Dilaw,2890408,20251205_080004
Dionela,5395681,20251205_080004
Eraserheads,3307492,20251205_080004
FINIX,2108,20251205_080004
Felip,175407,20251205_080004
Flow G,4003127,20251205_080004
G22,119151,20251205_080004
Gloc-9,3341952,20251205_080004
IV of Spades,6378744,20251205_080004
JOSH CULLEN,134582,20251205_080004
KZ Tandingan,2573994,20251205_080004
Lola Amour,2896223,20251205_080004
Moira Dela Torre,3105292,20251205_080004
Morissette,1273809,20251205_080004
NOBITA,3161870,20251205_080004
Orange & Lemons,5255848,20251205_080004
PABLO,152027,20251205_080004
Parokya Ni Edgar,5582449,20251205_080004
Regine Velasquez,1418034,20251205_080004
Rivermaya,2646313,20251205_080004
SB19,1567467,20251205_080004
Sarah Geronimo,2276877,20251205_080004
Shanti Dope,4349916,20251205_080004
Silent Sanctuary,4929253,20251205_080004
Sponge Cola,2457016,20251205_080004
Stell,74401,20251205_080004
SunKissed Lola,3201730,20251205_080004
The Itchyworms,2704115,20251205_080004
Unique Salonga,3518464,20251205_080004
Yeng Constantino,1648040,20251205_080004
Zack Tabudlo,5071844,20251205_080004
juan karlos,3079524,20251205_080004
justin,190260,20251205_080004
Adie,4096247,20251205_140003
Al James,3532202,20251205_140003
Arthur Nery,8566857,20251205_140003
BINI,1965152,20251205_140003
Ben&Ben,6086895,20251205_140003
Cup of Joe,10762268,20251205_140003
Cup of Joe,10762268,20251205_140003
December Avenue,8336254,20251205_140003
Dilaw,2890408,20251205_140003
Dionela,5395681,20251205_140003
Eraserheads,3507492,20251205_140003
FINIX,2108,20251205_140003
Felip,175407,20251205_140003
Flow G,4003127,20251205_140003
G22,119151,20251205_140003
Gloc-9,3341952,20251205_140003
IV of Spades,6578744,20251205_140003
JOSH CULLEN,134582,20251205_140003
KZ Tandingan,2573994,20251205_140003
Lola Amour,2896223,20251205_140003
Moira Dela Torre,3105292,20251205_140003
Morissette,1273809,20251205_140003
NOBITA,3161870,20251205_140003
Orange & Lemons,5255848,20251205_140003
PABLO,152027,20251205_140003
Parokya Ni Edgar,5582449,20251205_140003
Regine Velasquez,1418034,20251205_140003
Rivermaya,2646313,20251205_140003
SB19,1567467,20251205_140003
Sarah Geronimo,2276877,20251205_140003
Shanti Dope,4349916,20251205_140003
Silent Sanctuary,4929253,20251205_140003
Sponge Cola,2457016,20251205_140003
Stell,74401,20251205_140003
SunKissed Lola,3201730,20251205_140003
The Itchyworms,2704115,20251205_140003
Unique Salonga,3518464,20251205_140003
Yeng Constantino,1648040,20251205_140003
Zack Tabudlo,5071844,20251205_140003
juan karlos,3079524,20251205_140003
justin,190260,20251205_140003
Arthur Nery,8606460,20251206_152612
BINI,1977872,20251206_152612
BINI,1977872,20251206_152612
Ben&Ben,6103105,20251206_152612
Cup of Joe,10789582,20251206_152612
FINIX,2401,20251206_152612
Felip,175127,20251206_152612
Felip,175127,20251206_152612
G22,121143,20251206_152612
JOSH CULLEN,134584,20251206_152612
JOSH CULLEN,134584,20251206_152612
Moira Dela Torre,3107405,20251206_152612
PABLO,152209,20251206_152612
PABLO,152209,20251206_152612
Sarah Geronimo,2281182,20251206_152612
Stell,73913,20251206_152612
Stell,73913,20251206_152612
Zack Tabudlo,5073518,20251206_152612
juan karlos,3072953,20251206_152612
justin,190130,20251206_152612
Adie,4257051,20251209_080004
Al James,3562885,20251209_080004
Arthur Nery,8747309,20251209_080004
BINI,2027890,20251209_080004
Cup of Joe,10977149,20251209_080004
Cup of Joe,10977149,20251209_080004
December Avenue,8249963,20251209_080004
Dilaw,2876250,20251209_080004
Dionela,5395421,20251209_080004
Eraserheads,3325302,20251209_080004
FINIX,8326,20251209_080004
Felip,174400,20251209_080004
Flow G,4043295,20251209_080004
G22,125431,20251209_080004
Gloc-9,3280917,20251209_080004
IV of Spades,6520145,20251209_080004
JOSH CULLEN,134505,20251209_080004
KZ Tandingan,2599570,20251209_080004
Lola Amour,2934447,20251209_080004
Moira Dela Torre,3155948,20251209_080004
Morissette,1274144,20251209_080004
NOBITA,3245938,20251209_080004
Orange & Lemons,5316277,20251209_080004
PABLO,152874,20251209_080004
Parokya Ni Edgar,5613670,20251209_080004
Regine Velasquez,1423915,20251209_080004
Rivermaya,2653585,20251209_080004
SB19,1573404,20251209_080004
Sarah Geronimo,2500797,20251209_080004
Shanti Dope,4378171,20251209_080004
Silent Sanctuary,4985862,20251209_080004
Sponge Cola,2459649,20251209_080004
Stell,73254,20251209_080004
SunKissed Lola,3282526,20251209_080004
The Itchyworms,27831,20251209_080004
Unique Salonga,3541557,20251209_080004
Yeng Constantino,1708634,20251209_080004
Zack Tabudlo,5114689,20251209_080004
juan karlos,3082321,20251209_080004
justin,192712,20251209_080004
Adie,4257051,20251209_184402
Al James,3562885,20251209_184402
Arthur Nery,8747309,20251209_184402
BINI,2027890,20251209_184402
Ben&Ben,6199622,20251209_184402
Cup of Joe,10977149,20251209_184402
Cup of Joe,10977149,20251209_184402
December Avenue,8249963,20251209_184402
Dilaw,2876250,20251209_184402
Dionela,5395421,20251209_184402
Eraserheads,3525302,20251209_184402
FINIX,8526,20251209_184402
Felip,174400,20251209_184402
Flow G,4043295,20251209_184402
G22,125431,20251209_184402
Gloc-9,3280917,20251209_184402
IV of Spades,6520145,20251209_184402
JOSH CULLEN,134505,20251209_184402
KZ Tandingan,2599570,20251209_184402
Lola Amour,2934447,20251209_184402
Moira Dela Torre,3155948,20251209_184402
Morissette,1274144,20251209_184402
NOBITA,3245938,20251209_184402
Orange & Lemons,5316277,20251209_184402
PABLO,152874,20251209_184402
Parokya Ni Edgar,5613670,20251209_184402
Regine Velasquez,1423915,20251209_184402
Rivermaya,2653585,20251209_184402
SB19,1573404,20251209_184402
Sarah Geronimo,2500797,20251209_184402
Shanti Dope,4378171,20251209_184402
Silent Sanctuary,4985862,20251209_184402
Sponge Cola,2459649,20251209_184402
Stell,73234,20251209_184402
SunKissed Lola,3282526,20251209_184402
The Itchyworms,2427831,20251209_184402
Unique Salonga,3541557,20251209_184402
Yeng Constantino,1708634,20251209_184402
Zack Tabudlo,5114689,20251209_184402
juan karlos,3082321,20251209_184402
justin,192712,20251209_184402
BINI,2204245,20251220_215935
BINI,2204245,20251220_215935
Lola Amour,3126836,20251220_215935
Shanti Dope,4371761,20251220_215935
Adie,4812653,20251228_080004
Al James,3640136,20251228_080004
Arthur Nery,9164137,20251228_080004
BINI,2214455,20251228_080004
Ben&Ben,6563005,20251228_080004
Cup of Joe,11445352,20251228_080004
Cup of Joe,11445352,20251228_080004
December Avenue,7825756,20251228_080004
Dilaw,2657653,20251228_080004
Dionela,5221792,20251228_080004
Eraserheads,3341794,20251228_080004
FINIX,54644,20251228_080004
Felip,162578,20251228_080004
Flow G,4179627,20251228_080004
G22,124168,20251228_080004
Gloc-9,3060308,20251228_080004
IV of Spades,6251171,20251228_080004
JOSH CULLEN,133875,20251228_080004
KZ Tandingan,2589511,20251228_080004
Lola Amour,3266075,20251228_080004
Moira Dela Torre,3149349,20251228_080004
Morissette,1243885,20251228_080004
NOBITA,3589236,20251228_080004
Orange & Lemons,5496071,20251228_080004
PABLO,146722,20251228_080004
Parokya Ni Edgar,5695816,20251228_080004
Regine Velasquez,1413765,20251228_080004
Rivermaya,2691067,20251228_080004
SB19,1591897,20251228_080004
Sarah Geronimo,2599990,20251228_080004
Shanti Dope,4406650,20251228_080004
Silent Sanctuary,5250310,20251228_080004
Sponge Cola,2096360,20251228_080004
Stell,66088,20251228_080004
SunKissed Lola,3236471,20251228_080004
The Itchyworms,2877809,20251228_080004
Unique Salonga,4019105,20251228_080004
Yeng Constantino,2129719,20251228_080004
Zack Tabudlo,4971527,20251228_080004
juan karlos,3061897,20251228_080004
justin,204261,20251228_080004
Adie,4819196,20251229_080004
Al James,3645140,20251229_080004
Arthur Nery,9172265,20251229_080004
BINI,2208141,20251229_080004
Ben&Ben,6558072,20251229_080004
Cup of Joe,11448174,20251229_080004
Cup of Joe,11448174,20251229_080004
December Avenue,7800743,20251229_080004
Dilaw,2642679,20251229_080004
Dionela,5204495,20251229_080004
Eraserheads,3529496,20251229_080004
FINIX,55185,20251229_080004
Felip,161880,20251229_080004
Flow G,4180908,20251229_080004
G22,122307,20251229_080004
Gloc-9,3048224,20251229_080004
IV of Spades,6228771,20251229_080004
JOSH CULLEN,133745,20251229_080004
KZ Tandingan,2575918,20251229_080004
Lola Amour,3272329,20251229_080004
Moira Dela Torre,3141202,20251229_080004
Morissette,1241752,20251229_080004
NOBITA,3577493,20251229_080004
Orange & Lemons,5480909,20251229_080004
PABLO,146061,20251229_080004
Parokya Ni Edgar,5701650,20251229_080004
Regine Velasquez,1410631,20251229_080004
Rivermaya,2694496,20251229_080004
SB19,1586156,20251229_080004
Sarah Geronimo,2593141,20251229_080004
Shanti Dope,4408356,20251229_080004
Silent Sanctuary,5244255,20251229_080004
Sponge Cola,2097772,20251229_080004
Stell,65387,20251229_080004
SunKissed Lola,3227211,20251229_080004
The Itchyworms,2881906,20251229_080004
Unique Salonga,4027911,20251229_080004
Yeng Constantino,2123425,20251229_080004
Zack Tabudlo,4963466,20251229_080004
juan karlos,3060087,20251229_080004
justin,206458,20251229_080004
Adie,4819196,20251229_140003
Al James,3645140,20251229_140003
BINI,2208141,20251229_140003
Ben&Ben,6558072,20251229_140003
Cup of Joe,11448174,20251229_140003
Cup of Joe,11448174,20251229_140003
December Avenue,7800743,20251229_140003
Dionela,5204495,20251229_140003
Eraserheads,3529496,20251229_140003
Felip,161880,20251229_140003
Flow G,4180908,20251229_140003
Gloc-9,3048224,20251229_140003
IV of Spades,6228771,20251229_140003
JOSH CULLEN,133745,20251229_140003
KZ Tandingan,2575918,20251229_140003
Lola Amour,3272329,20251229_140003
Morissette,1241752,20251229_140003
NOBITA,3577493,20251229_140003
Orange & Lemons,5480909,20251229_140003
PABLO,146061,20251229_140003
Parokya Ni Edgar,5701650,20251229_140003
Regine Velasquez,1410631,20251229_140003
Rivermaya,2694496,20251229_140003
SB19,1586156,20251229_140003
Shanti Dope,4408356,20251229_140003
Silent Sanctuary,5244255,20251229_140003
Sponge Cola,2097772,20251229_140003
Stell,65387,20251229_140003
SunKissed Lola,3227211,20251229_140003
The Itchyworms,2881906,20251229_140003
Unique Salonga,4027911,20251229_140003
Yeng Constantino,2123425,20251229_140003
justin,206458,20251229_140003
Adie,4814350,20251230_080004
Al James,3642699,20251230_080004
Arthur Nery,9167073,20251230_080004
BINI,2201494,20251230_080004
Ben&Ben,6550788,20251230_080004
Cup of Joe,11437890,20251230_080004
Cup of Joe,11437890,20251230_080004
December Avenue,7767667,20251230_080004
Dilaw,2624411,20251230_080004
Dionela,5199052,20251230_080004
Eraserheads,3326687,20251230_080004
FINIX,55371,20251230_080004
Felip,161110,20251230_080004
Flow G,4181072,20251230_080004
G22,120680,20251230_080004
Gloc-9,3035211,20251230_080004
IV of Spades,6216618,20251230_080004
JOSH CULLEN,134042,20251230_080004
KZ Tandingan,2551785,20251230_080004
Lola Amour,3278981,20251230_080004
Moira Dela Torre,3123978,20251230_080004
Morissette,1234613,20251230_080004
NOBITA,3583728,20251230_080004
Orange & Lemons,5454972,20251230_080004
PABLO,145657,20251230_080004
Parokya Ni Edgar,5707981,20251230_080004
Regine Velasquez,1404959,20251230_080004
Rivermaya,2696535,20251230_080004
SB19,1578061,20251230_080004
Sarah Geronimo,2586892,20251230_080004
Shanti Dope,4403246,20251230_080004
Silent Sanctuary,5253693,20251230_080004
Sponge Cola,2608334,20251230_080004
Stell,64998,20251230_080004
SunKissed Lola,3215666,20251230_080004
The Itchyworms,2871786,20251230_080004
Unique Salonga,4031936,20251230_080004
Yeng Constantino,2119930,20251230_080004
Zack Tabudlo,4950758,20251230_080004
juan karlos,3056336,20251230_080004
justin,206895,20251230_080004
Adie,4814350,20251230_140003
Al James,3642699,20251230_140003
Arthur Nery,9167073,20251230_140003
BINI,2201494,20251230_140003
Ben&Ben,6550788,20251230_140003
Cup of Joe,11437890,20251230_140003
Cup of Joe,11437890,20251230_140003
December Avenue,7767667,20251230_140003
Dilaw,2624411,20251230_140003
Dionela,5199052,20251230_140003
Eraserheads,3526687,20251230_140003
FINIX,55371,20251230_140003
Felip,161110,20251230_140003
Flow G,4181072,20251230_140003
G22,120680,20251230_140003
Gloc-9,3035211,20251230_140003
IV of Spades,6216618,20251230_140003
JOSH CULLEN,134042,20251230_140003
KZ Tandingan,2551785,20251230_140003
Lola Amour,3278981,20251230_140003
Moira Dela Torre,3123978,20251230_140003
Morissette,1234613,20251230_140003
NOBITA,3583728,20251230_140003
Orange & Lemons,5454972,20251230_140003
PABLO,145657,20251230_140003
Parokya Ni Edgar,5707981,20251230_140003
Regine Velasquez,1404959,20251230_140003
Rivermaya,2696555,20251230_140003
SB19,1578061,20251230_140003
Sarah Geronimo,2586892,20251230_140003
Shanti Dope,4403246,20251230_140003
Silent Sanctuary,5253693,20251230_140003
Sponge Cola,2608334,20251230_140003
Stell,64998,20251230_140003
SunKissed Lola,3215666,20251230_140003
The Itchyworms,2871786,20251230_140003
Unique Salonga,4031936,20251230_140003
Yeng Constantino,2119930,20251230_140003
Zack Tabudlo,4950758,20251230_140003
juan karlos,3056336,20251230_140003
justin,206895,20251230_140003
Adie,4835679,20251231_080004
Al James,3657652,20251231_080004
Arthur Nery,9190568,20251231_080004
BINI,2198045,20251231_080004
Ben&Ben,6548685,20251231_080004
Cup of Joe,11456101,20251231_080004
Cup of Joe,11456101,20251231_080004
December Avenue,7760465,20251231_080004
Dilaw,2628568,20251231_080004
Dionela,5205234,20251231_080004
Eraserheads,3340465,20251231_080004
FINIX,55707,20251231_080004
Felip,161016,20251231_080004
Flow G,4198977,20251231_080004
G22,119069,20251231_080004
Gloc-9,3029586,20251231_080004
IV of Spades,6219725,20251231_080004
JOSH CULLEN,134538,20251231_080004
KZ Tandingan,2543496,20251231_080004
Lola Amour,3285978,20251231_080004
Moira Dela Torre,3112844,20251231_080004
Morissette,1229913,20251231_080004
NOBITA,3616455,20251231_080004
Orange & Lemons,5464530,20251231_080004
PABLO,145338,20251231_080004
Parokya Ni Edgar,5738871,20251231_080004
Regine Velasquez,1402662,20251231_080004
Rivermaya,2710206,20251231_080004
SB19,1574046,20251231_080004
Sarah Geronimo,2590773,20251231_080004
Shanti Dope,4411493,20251231_080004
Silent Sanctuary,5257511,20251231_080004
Sponge Cola,2615501,20251231_080004
Stell,64905,20251231_080004
SunKissed Lola,3213554,20251231_080004
The Itchyworms,2880239,20251231_080004
Unique Salonga,4058752,20251231_080004
Yeng Constantino,2117682,20251231_080004
Zack Tabudlo,4934922,20251231_080004
juan karlos,3053100,20251231_080004
justin,207969,20251231_080004
BINI,2198045,20251231_152922
Ben&Ben,6348685,20251231_152922
Cup of Joe,11456101,20251231_152922
Felip,161016,20251231_152922
JOSH CULLEN,134338,20251231_152922
PABLO,145338,20251231_152922
SB19,1574046,20251231_152922
Stell,64305,20251231_152922
justin,207969,20251231_152922
Arthur Nery,9195240,20260118_080005
BINI,1978394,20260118_080005
Ben&Ben,6225271,20260118_080005
Cup of Joe,10901764,20260118_080005
Dilaw,2929026,20260118_080005
Dionela,5053823,20260118_080005
FINIX,22960,20260118_080005
Felip,162437,20260118_080005
G22,108984,20260118_080005
JOSH CULLEN,135155,20260118_080005
Lola Amour,3364108,20260118_080005
Moira Dela Torre,2994033,20260118_080005
PABLO,141545,20260118_080005
Sarah Geronimo,2648351,20260118_080005
Stell,66054,20260118_080005
SunKissed Lola,3060487,20260118_080005
Zack Tabudlo,4772502,20260118_080005
juan karlos,2958484,20260118_080005
justin,224563,20260118_080005
SB19,1336398,20260124_045520
Ben&Ben,6190186,20260124_045530
BINI,1838434,20260124_045539
PABLO,141154,20260124_045551
JOSH CULLEN,132911,20260124_045600
Stell,67052,20260124_045610
Felip,167097,20260124_045620
justin,220923,20260124_045629
Cup of Joe,10892526,20260124_045639
Dionela,4954691,20260124_045649
FINIX,16549,20260124_045659
Sarah Geronimo,2882406,20260124_045708
G22,110346,20260124_045718
Zack Tabudlo,4740348,20260124_045728
Moira Dela Torre,3054190,20260124_045737
Arthur Nery,9260340,20260124_045748
juan karlos,2918858,20260124_045757
Dilaw,3056935,20260124_045807
Lola Amour,3355976,20260124_045817
SunKissed Lola,3066373,20260124_045826
December Avenue,7499571,20260124_045836
Parokya Ni Edgar,5850834,20260124_045846
Eraserheads,3436649,20260124_045855
Sponge Cola,2672213,20260124_045915
The Itchyworms,2854727,20260124_045924
IV of Spades,6718261,20260124_045934
Unique Salonga,4278877,20260124_045944
Orange & Lemons,5174559,20260124_045953
Silent Sanctuary,5188186,20260124_050003
NOBITA,3589788,20260124_050013
Cup of Joe,10892526,20260124_050022
Adie,4861593,20260124_050032
KZ Tandingan,2583545,20260124_050042
Gloc-9,2918323,20260124_050052
Al James,3736629,20260124_050101
Shanti Dope,4330474,20260124_050111
Flow G,4403152,20260124_050121
Regine Velasquez,1424696,20260124_050130
Yeng Constantino,1554549,20260124_050140
Morissette,1111804,20260124_050150
SB19,1336293,20260125_100014
Ben&Ben,6216481,20260125_100024
BINI,1829908,20260125_100034
PABLO,141740,20260125_100043
JOSH CULLEN,132722,20260125_100053
Stell,67153,20260125_100103
Felip,168800,20260125_100112
justin,219681,20260125_100122
Cup of Joe,10890601,20260125_100132
Dionela,4934159,20260125_100143
FINIX,16530,20260125_100154
Sarah Geronimo,2927076,20260125_100207
G22,110373,20260125_100218
Zack Tabudlo,4749394,20260125_100227
Moira Dela Torre,3072009,20260125_100237
Arthur Nery,9274296,20260125_100247
juan karlos,2930024,20260125_100257
Dilaw,3090037,20260125_100306
Lola Amour,3373536,20260125_100316
SunKissed Lola,3070900,20260125_100326
December Avenue,7506455,20260125_100335
Parokya Ni Edgar,5843823,20260125_100345
Eraserheads,3436063,20260125_100355
Rivermaya,2794199,20260125_100404
Sponge Cola,2668275,20260125_100414
The Itchyworms,2855137,20260125_100424
IV of Spades,6751456,20260125_100434
Unique Salonga,4292692,20260125_100443
Orange & Lemons,5168159,20260125_100453
Silent Sanctuary,5192463,20260125_100503
NOBITA,3602295,20260125_100513
Cup of Joe,10890601,20260125_100524
Adie,4878434,20260125_100534
KZ Tandingan,2596154,20260125_100543
Gloc-9,2912716,20260125_100553
Al James,3725434,20260125_100603
Shanti Dope,4333914,20260125_100612
Flow G,4415139,20260125_100622
Regine Velasquez,1432049,20260125_100632
Yeng Constantino,1545642,20260125_100642
Morissette,1106451,20260125_100651
SB19,1334718,20260126_201825
Ben&Ben,6219664,20260126_201839
BINI,1818427,20260126_201852
PABLO,141919,20260126_201905
JOSH CULLEN,132491,20260126_201918
Stell,67646,20260126_201929
Felip,171258,20260126_201939
justin,218780,20260126_201948
Cup of Joe,10897961,20260126_201958
Dionela,4922261,20260126_202008
FINIX,15831,20260126_202020
Sarah Geronimo,2978568,20260126_202030
G22,110551,20260126_202040
Zack Tabudlo,4744678,20260126_202049
Moira Dela Torre,3085307,20260126_202059
Arthur Nery,9296839,20260126_202109
juan karlos,2930785,20260126_202118
Dilaw,3118870,20260126_202128
Lola Amour,3382030,20260126_202138
SunKissed Lola,3065062,20260126_202147
December Avenue,7508240,20260126_202157
Parokya Ni Edgar,5843427,20260126_202207
Eraserheads,3442955,20260126_202217
Rivermaya,2787690,20260126_202226
Sponge Cola,2679033,20260126_202236
The Itchyworms,2855125,20260126_202246
IV of Spades,6782208,20260126_202255
Unique Salonga,4303143,20260126_202305
Orange & Lemons,5157139,20260126_202315
Silent Sanctuary,5210441,20260126_202324
NOBITA,3608011,20260126_202334
Cup of Joe,10897961,20260126_202344
Adie,4887574,20260126_202353
KZ Tandingan,2608792,20260126_202403
Gloc-9,2914586,20260126_202413
Al James,3729019,20260126_202422
Shanti Dope,4329085,20260126_202432
Flow G,4435293,20260126_202442
Regine Velasquez,1435520,20260126_202451
Yeng Constantino,1540927,20260126_202501
Morissette,1106739,20260126_202511
SB19,1331399,20260127_155450
Ben&Ben,6232409,20260127_155500
BINI,1811983,20260127_155510
PABLO,142323,20260127_155519
JOSH CULLEN,132380,20260127_155529
Stell,67766,20260127_155539
Felip,172814,20260127_155549
justin,219196,20260127_155558
Cup of Joe,10905179,20260127_155608
Dionela,4916985,20260127_155617
FINIX,15183,20260127_155627
Sarah Geronimo,3018346,20260127_155637
G22,110887,20260127_155646
Zack Tabudlo,4733491,20260127_155656
Moira Dela Torre,3104147,20260127_155706
Arthur Nery,9310559,20260127_155715
juan karlos,2922513,20260127_155725
Dilaw,3146545,20260127_155735
Lola Amour,3397723,20260127_155744
SunKissed Lola,3059718,20260127_155754
December Avenue,7504972,20260127_155803
Parokya Ni Edgar,5841602,20260127_155813
Eraserheads,3443957,20260127_155825
Rivermaya,2782271,20260127_155835
Sponge Cola,2675299,20260127_155848
The Itchyworms,2851551,20260127_155902
IV of Spades,6809041,20260127_155913
Unique Salonga,4309926,20260127_155923
Orange & Lemons,5152182,20260127_155935
Silent Sanctuary,5233019,20260127_155944
NOBITA,3609536,20260127_155954
Cup of Joe,10905179,20260127_160003
Adie,4901972,20260127_160013
KZ Tandingan,2622731,20260127_160023
Gloc-9,2911622,20260127_160033
Al James,3721182,20260127_160042
Shanti Dope,4321763,20260127_160052
Flow G,4452889,20260127_160102
Regine Velasquez,1438692,20260127_160111
Yeng Constantino,1536494,20260127_160121
Morissette,1108190,20260127_160131
SB19,1327790,20260128_080013
Ben&Ben,6237958,20260128_080023
BINI,1801564,20260128_080032
PABLO,142225,20260128_080042
JOSH CULLEN,132141,20260128_080053
Stell,67839,20260128_080106
Felip,173280,20260128_080115
justin,219012,20260128_080125
Cup of Joe,10895762,20260128_080134
Dionela,4894181,20260128_080144
FINIX,15161,20260128_080154
Sarah Geronimo,3039780,20260128_080203
G22,110825,20260128_080213
Zack Tabudlo,4727669,20260128_080223
Moira Dela Torre,3114827,20260128_080232
Arthur Nery,9297626,20260128_080242
juan karlos,2920902,20260128_080251
Dilaw,3169491,20260128_080301
Lola Amour,3399872,20260128_080310
SunKissed Lola,3060015,20260128_080320
December Avenue,7468608,20260128_080330
Parokya Ni Edgar,5814204,20260128_080339
Eraserheads,3434739,20260128_080349
Rivermaya,2771011,20260128_080359
Sponge Cola,2669817,20260128_080408
The Itchyworms,2840549,20260128_080418
IV of Spades,6838772,20260128_080427
Unique Salonga,4307272,20260128_080437
Orange & Lemons,5125184,20260128_080447
Silent Sanctuary,5218948,20260128_080456
NOBITA,3593471,20260128_080506
Cup of Joe,10895762,20260128_080515
Adie,4913089,20260128_080525
KZ Tandingan,2625286,20260128_080535
Gloc-9,2897107,20260128_080544
Al James,3700240,20260128_080554
Shanti Dope,4305593,20260128_080604
Flow G,4451055,20260128_080613
Regine Velasquez,1441695,20260128_080623
Yeng Constantino,1528939,20260128_080632
Morissette,1106285,20260128_080642
SB19,1327790,20260128_175512
Ben&Ben,6237958,20260128_175522
BINI,1801564,20260128_175533
PABLO,142225,20260128_175543
JOSH CULLEN,132141,20260128_175552
Stell,67839,20260128_175602
Felip,173280,20260128_175611
justin,219012,20260128_175621
Cup of Joe,10895762,20260128_175631
Dionela,4894181,20260128_175641
FINIX,15161,20260128_175651
Sarah Geronimo,3039780,20260128_175700
G22,110825,20260128_175710
Zack Tabudlo,4727669,20260128_175720
Arthur Nery,9297626,20260128_175739
juan karlos,2920902,20260128_175752
Dilaw,3169491,20260128_175801
Lola Amour,3399872,20260128_175811
SunKissed Lola,3060015,20260128_175821
December Avenue,7468608,20260128_175831
Parokya Ni Edgar,5814204,20260128_175840
Eraserheads,3434739,20260128_175852
Rivermaya,2771011,20260128_175901
Sponge Cola,2669817,20260128_175911
The Itchyworms,2840549,20260128_175921
IV of Spades,6838772,20260128_175931
Unique Salonga,4307272,20260128_175940
Orange & Lemons,5125184,20260128_175950
Silent Sanctuary,5218948,20260128_180000
NOBITA,3593471,20260128_180011
Cup of Joe,10895762,20260128_180021
Adie,4913089,20260128_180031
KZ Tandingan,2625286,20260128_180041
Gloc-9,2897107,20260128_180050
Al James,3700240,20260128_180100
Shanti Dope,4305593,20260128_180110
Flow G,4451055,20260128_180119
Regine Velasquez,1441695,20260128_180129
Yeng Constantino,1528939,20260128_180139
Morissette,1106285,20260128_180149
SB19,1323294,20260129_080012
Ben&Ben,6246078,20260129_080022
BINI,1785466,20260129_080032
PABLO,142160,20260129_080041
JOSH CULLEN,131483,20260129_080051
Stell,67620,20260129_080100
Felip,173512,20260129_080110
justin,218047,20260129_080121
Cup of Joe,10876583,20260129_080130
Dionela,4865808,20260129_080140
FINIX,14923,20260129_080150
Sarah Geronimo,3057275,20260129_080159
G22,110342,20260129_080209
Zack Tabudlo,4714537,20260129_080219
Moira Dela Torre,3123086,20260129_080229
Arthur Nery,9272914,20260129_080238
juan karlos,2922126,20260129_080248
Dilaw,3186974,20260129_080257
Lola Amour,3410302,20260129_080307
SunKissed Lola,3054772,20260129_080317
December Avenue,7443931,20260129_080326
Parokya Ni Edgar,5780991,20260129_080336
Eraserheads,3423864,20260129_080346
Rivermaya,2762451,20260129_080355
Sponge Cola,2665676,20260129_080405
The Itchyworms,2824469,20260129_080415
IV of Spades,6865606,20260129_080425
Unique Salonga,4296923,20260129_080434
Orange & Lemons,5099443,20260129_080444
Silent Sanctuary,5204015,20260129_080453
NOBITA,3590837,20260129_080503
Cup of Joe,10876583,20260129_080513
Adie,4915067,20260129_080522
KZ Tandingan,2622514,20260129_080532
Gloc-9,2883173,20260129_080542
Al James,3688015,20260129_080551
Shanti Dope,4290665,20260129_080601
Flow G,4440059,20260129_080611
Regine Velasquez,1446788,20260129_080620
Yeng Constantino,1519543,20260129_080630
Morissette,1104413,20260129_080640
SB19,1306759,20260130_080012
Ben&Ben,6262879,20260130_080026
BINI,1738001,20260130_080039
PABLO,140810,20260130_080052
JOSH CULLEN,130441,20260130_080106
Stell,67144,20260130_080115
Felip,173789,20260130_080125
justin,217627,20260130_080134
Cup of Joe,10850133,20260130_080144
Dionela,4836041,20260130_080154
FINIX,14644,20260130_080203
Sarah Geronimo,3059217,20260130_080213
G22,109401,20260130_080223
Zack Tabudlo,4704722,20260130_080232
Moira Dela Torre,3133848,20260130_080242
Arthur Nery,9240488,20260130_080251
juan karlos,2927694,20260130_080301
Dilaw,3215319,20260130_080311
Lola Amour,3422161,20260130_080320
SunKissed Lola,3054331,20260130_080330
December Avenue,7414885,20260130_080340
Parokya Ni Edgar,5743273,20260130_080349
Eraserheads,3406395,20260130_080359
Rivermaya,2748975,20260130_080409
Sponge Cola,2668193,20260130_080418
The Itchyworms,2804202,20260130_080428
IV of Spades,6892556,20260130_080438
Unique Salonga,4300981,20260130_080447
Orange & Lemons,5075311,20260130_080457
Silent Sanctuary,5193752,20260130_080507
NOBITA,3596017,20260130_080516
Cup of Joe,10850133,20260130_080527
Adie,4921998,20260130_080537
KZ Tandingan,2625013,20260130_080547
Gloc-9,2847448,20260130_080556
Al James,3647684,20260130_080606
Shanti Dope,4249480,20260130_080615
Flow G,4421124,20260130_080625
Regine Velasquez,1454141,20260130_080635
Yeng Constantino,1496833,20260130_080644
Morissette,1103425,20260130_080654
SB19,1315261,20260131_005427
Ben&Ben,6325321,20260131_005437
BINI,1734033,20260131_005447
PABLO,141930,20260131_005456
JOSH CULLEN,131566,20260131_005506
Stell,67531,20260131_005516
Felip,176451,20260131_005525
justin,219229,20260131_005535
Cup of Joe,10885966,20260131_005545
Dionela,4833280,20260131_005555
FINIX,14440,20260131_005604
Sarah Geronimo,3094180,20260131_005614
G22,109980,20260131_005623
Zack Tabudlo,4720219,20260131_005633
Moira Dela Torre,3157426,20260131_005643
Arthur Nery,9260179,20260131_005654
juan karlos,2940688,20260131_005704
Dilaw,3246041,20260131_005714
Lola Amour,3455119,20260131_005723
SunKissed Lola,3075059,20260131_005733
December Avenue,7435573,20260131_005744
Parokya Ni Edgar,5748431,20260131_005754
Eraserheads,3421195,20260131_005804
Rivermaya,2767649,20260131_005813
Sponge Cola,2694276,20260131_005823
The Itchyworms,2809742,20260131_005836
IV of Spades,6918869,20260131_005846
Unique Salonga,4329475,20260131_005855
Orange & Lemons,5093342,20260131_005905
Silent Sanctuary,5222858,20260131_005915
NOBITA,3634103,20260131_005924
Cup of Joe,10885966,20260131_005934
Adie,4953622,20260131_005944
KZ Tandingan,2650821,20260131_005953
Gloc-9,2852961,20260131_010003
Al James,3656458,20260131_010013
Shanti Dope,4250314,20260131_010022
Flow G,4433846,20260131_010032
Regine Velasquez,1472570,20260131_010041
Yeng Constantino,1504394,20260131_010051
Morissette,1112240,20260131_010101
SB19,1315261,20260131_080013
Ben&Ben,6325321,20260131_080023
BINI,1734033,20260131_080033
PABLO,141930,20260131_080042
JOSH CULLEN,131566,20260131_080051
Stell,67531,20260131_080101
Felip,176451,20260131_080111
justin,219229,20260131_080120
Cup of Joe,10885966,20260131_080130
Dionela,4833280,20260131_080140
FINIX,14440,20260131_080150
Sarah Geronimo,3094180,20260131_080200
G22,109980,20260131_080210
Zack Tabudlo,4720219,20260131_080219
Moira Dela Torre,3157426,20260131_080229
Arthur Nery,9260179,20260131_080239
juan karlos,2940688,20260131_080251
Dilaw,3246041,20260131_080302
Lola Amour,3455119,20260131_080313
SunKissed Lola,3075059,20260131_080322
December Avenue,7435573,20260131_080332
Parokya Ni Edgar,5748431,20260131_080342
Eraserheads,3421195,20260131_080351
Rivermaya,2767649,20260131_080401
Sponge Cola,2694276,20260131_080411
The Itchyworms,2809742,20260131_080420
IV of Spades,6918869,20260131_080430
Unique Salonga,4329475,20260131_080442
Orange & Lemons,5093342,20260131_080452
Silent Sanctuary,5222858,20260131_080501
NOBITA,3634103,20260131_080511
Cup of Joe,10885966,20260131_080520
Adie,4953622,20260131_080530
KZ Tandingan,2650821,20260131_080540
Gloc-9,2852961,20260131_080549
Al James,3656458,20260131_080559
Shanti Dope,4250314,20260131_080608
Flow G,4433846,20260131_080618
Regine Velasquez,1472570,20260131_080628
Yeng Constantino,1504394,20260131_080637
Morissette,1112240,20260131_080647
SB19,1324863,20260201_004137
Ben&Ben,6353859,20260201_004147
BINI,1731465,20260201_004156
PABLO,143416,20260201_004206
JOSH CULLEN,132795,20260201_004215
Stell,68524,20260201_004225
Felip,180690,20260201_004234
justin,220437,20260201_004244
Cup of Joe,10915276,20260201_004254
Dionela,4831520,20260201_004305
FINIX,14337,20260201_004317
Sarah Geronimo,3124389,20260201_004328
G22,111316,20260201_004339
Zack Tabudlo,4720761,20260201_004348
Moira Dela Torre,3175274,20260201_004358
Arthur Nery,9257770,20260201_004408
juan karlos,2937283,20260201_004417
Dilaw,3248646,20260201_004427
Lola Amour,3463810,20260201_004436
SunKissed Lola,3076721,20260201_004446
December Avenue,7440490,20260201_004455
Parokya Ni Edgar,5739488,20260201_004505
Eraserheads,3429764,20260201_004515
Rivermaya,2763964,20260201_004524
Sponge Cola,2702729,20260201_004534
The Itchyworms,2795745,20260201_004544
IV of Spades,6918552,20260201_004553
Unique Salonga,4347337,20260201_004603
Orange & Lemons,5080934,20260201_004612
Silent Sanctuary,5230546,20260201_004622
NOBITA,3653545,20260201_004632
Cup of Joe,10915276,20260201_004641
Adie,4967508,20260201_004651
KZ Tandingan,2704916,20260201_004701
Gloc-9,2846875,20260201_004710
Al James,3638167,20260201_004720
Shanti Dope,4246901,20260201_004729
Flow G,4431500,20260201_004739
Regine Velasquez,1487920,20260201_004749
Yeng Constantino,1509908,20260201_004758
Morissette,1116703,20260201_004808
SB19,1330112,20260202_080013
Ben&Ben,6386043,20260202_080023
BINI,1730107,20260202_080033
PABLO,144054,20260202_080042
JOSH CULLEN,133304,20260202_080055
Stell,69071,20260202_080108
Felip,182853,20260202_080118
justin,220000,20260202_080129
Cup of Joe,10968354,20260202_080139
Dionela,4832931,20260202_080148
FINIX,14326,20260202_080158
Sarah Geronimo,3152856,20260202_080208
G22,112040,20260202_080217
Zack Tabudlo,4717341,20260202_080227
Moira Dela Torre,3200759,20260202_080236
Arthur Nery,9282090,20260202_080246
juan karlos,2939846,20260202_080256
Dilaw,3271322,20260202_080305
Lola Amour,3466185,20260202_080315
SunKissed Lola,3071543,20260202_080324
December Avenue,7444145,20260202_080334
Parokya Ni Edgar,5742776,20260202_080344
Eraserheads,3446444,20260202_080353
Rivermaya,2767189,20260202_080403
Sponge Cola,2716004,20260202_080412
The Itchyworms,2798061,20260202_080422
IV of Spades,6922648,20260202_080432
Unique Salonga,4351235,20260202_080441
Orange & Lemons,5077178,20260202_080451
Silent Sanctuary,5263559,20260202_080500
NOBITA,3660452,20260202_080510
Cup of Joe,10968354,20260202_080520
Adie,4970083,20260202_080529
KZ Tandingan,2728722,20260202_080539
Gloc-9,2846478,20260202_080548
Al James,3633508,20260202_080558
Shanti Dope,4245791,20260202_080608
Flow G,4449778,20260202_080617
Regine Velasquez,1502167,20260202_080627
Yeng Constantino,1514847,20260202_080636
Morissette,1121924,20260202_080646
SB19,1338457,20260203_080013
Ben&Ben,6409504,20260203_080022
BINI,1732236,20260203_080032
PABLO,144557,20260203_080042
JOSH CULLEN,133970,20260203_080051
Stell,69308,20260203_080101
Felip,183716,20260203_080110
justin,219588,20260203_080120
Cup of Joe,10991351,20260203_080130
Dionela,4827211,20260203_080139
FINIX,13422,20260203_080151
Sarah Geronimo,3191662,20260203_080201
G22,112064,20260203_080213
Zack Tabudlo,4711442,20260203_080223
Moira Dela Torre,3225244,20260203_080233
Arthur Nery,9296144,20260203_080242
juan karlos,2954759,20260203_080254
Dilaw,3288377,20260203_080303
Lola Amour,3457699,20260203_080313
SunKissed Lola,3070447,20260203_080323
December Avenue,7444836,20260203_080333
Parokya Ni Edgar,5755091,20260203_080343
Eraserheads,3462640,20260203_080353
Rivermaya,2773569,20260203_080402
Sponge Cola,2724570,20260203_080412
The Itchyworms,2803791,20260203_080422
IV of Spades,6936352,20260203_080431
Unique Salonga,4350291,20260203_080441
Orange & Lemons,5070468,20260203_080450
Silent Sanctuary,5306727,20260203_080500
NOBITA,3672729,20260203_080510
Cup of Joe,10991351,20260203_080519
Adie,4983165,20260203_080529
KZ Tandingan,2740199,20260203_080538
Gloc-9,2858559,20260203_080548
Al James,3635026,20260203_080558
Shanti Dope,4239763,20260203_080607
Flow G,4463908,20260203_080617
Regine Velasquez,1512528,20260203_080626
Yeng Constantino,1516158,20260203_080636
Morissette,1124756,20260203_080646
SB19,1339532,20260204_080012
Ben&Ben,6425984,20260204_080022
BINI,1730651,20260204_080031
PABLO,144736,20260204_080041
JOSH CULLEN,133940,20260204_080051
Stell,69724,20260204_080100
Felip,184952,20260204_080110
justin,216615,20260204_080119
Cup of Joe,11003674,20260204_080132
Dionela,4822719,20260204_080143
FINIX,13221,20260204_080153
Sarah Geronimo,3216732,20260204_080202
G22,112010,20260204_080212
Zack Tabudlo,4708454,20260204_080222
Moira Dela Torre,3239190,20260204_080231
Arthur Nery,9307056,20260204_080241
juan karlos,2956256,20260204_080251
Dilaw,3293867,20260204_080300
Lola Amour,3456599,20260204_080310
SunKissed Lola,3074125,20260204_080319
December Avenue,7460221,20260204_080329
Parokya Ni Edgar,5763378,20260204_080339
Eraserheads,3468110,20260204_080348
Rivermaya,2776314,20260204_080358
Sponge Cola,2733009,20260204_080408
The Itchyworms,2803246,20260204_080417
IV of Spades,6941616,20260204_080427
Unique Salonga,4357932,20260204_080437
Orange & Lemons,5046130,20260204_080446
Silent Sanctuary,5327753,20260204_080456
NOBITA,3657123,20260204_080506
Cup of Joe,11003674,20260204_080515
Adie,5005039,20260204_080525
KZ Tandingan,2739180,20260204_080535
Gloc-9,2867793,20260204_080544
Al James,3631838,20260204_080554
Shanti Dope,4234202,20260204_080604
Flow G,4467462,20260204_080613
Regine Velasquez,1518987,20260204_080623
Yeng Constantino,1520064,20260204_080632
Morissette,1125882,20260204_080642
SB19,1340534,20260205_080020
Ben&Ben,6451625,20260205_080030
BINI,1727980,20260205_080039
PABLO,144668,20260205_080049
JOSH CULLEN,133804,20260205_080058
Stell,70019,20260205_080108
Felip,186577,20260205_080118
justin,214514,20260205_080127
Cup of Joe,11027864,20260205_080137
Dionela,4820815,20260205_080149
FINIX,12956,20260205_080200
Sarah Geronimo,3237948,20260205_080213
G22,111587,20260205_080222
Zack Tabudlo,4709521,20260205_080233
Moira Dela Torre,3253909,20260205_080243
Arthur Nery,9320555,20260205_080253
juan karlos,2956618,20260205_080302
Dilaw,3296980,20260205_080312
Lola Amour,3461635,20260205_080321
SunKissed Lola,3067350,20260205_080331
December Avenue,7474495,20260205_080341
Parokya Ni Edgar,5751231,20260205_080350
Eraserheads,3479190,20260205_080400
Rivermaya,2773967,20260205_080410
Sponge Cola,2742231,20260205_080419
The Itchyworms,2800944,20260205_080429
IV of Spades,6936160,20260205_080439
Unique Salonga,4371965,20260205_080448
Orange & Lemons,5019923,20260205_080458
Silent Sanctuary,5327039,20260205_080507
NOBITA,3658183,20260205_080517
Cup of Joe,11027864,20260205_080528
Adie,5004195,20260205_080538
KZ Tandingan,2744031,20260205_080547
Gloc-9,2873545,20260205_080557
Al James,3628929,20260205_080607
Shanti Dope,4229309,20260205_080616
Flow G,4472031,20260205_080626
Regine Velasquez,1528647,20260205_080636
Yeng Constantino,1524921,20260205_080645
Morissette,1127423,20260205_080655
SB19,1341462,20260206_080014
Ben&Ben,6473375,20260206_080025
BINI,1722106,20260206_080035
PABLO,144700,20260206_080044
JOSH CULLEN,133794,20260206_080054
Stell,70277,20260206_080104
Felip,188248,20260206_080114
justin,212712,20260206_080123
Cup of Joe,11036691,20260206_080134
Dionela,4807883,20260206_080145
FINIX,12500,20260206_080158
Sarah Geronimo,3252071,20260206_080208
G22,111192,20260206_080218
Zack Tabudlo,4702043,20260206_080227
Moira Dela Torre,3271854,20260206_080237
Arthur Nery,9318228,20260206_080247
juan karlos,2950119,20260206_080256
Dilaw,3312615,20260206_080306
Lola Amour,3463275,20260206_080316
SunKissed Lola,3064616,20260206_080325
December Avenue,7468329,20260206_080335
Parokya Ni Edgar,5748227,20260206_080345
Eraserheads,3484730,20260206_080354
Rivermaya,2771692,20260206_080404
Sponge Cola,2745390,20260206_080414
The Itchyworms,2807424,20260206_080423
IV of Spades,6933449,20260206_080433
Unique Salonga,4371905,20260206_080443
Orange & Lemons,5002096,20260206_080452
Silent Sanctuary,5345247,20260206_080502
NOBITA,3656443,20260206_080512
Cup of Joe,11036691,20260206_080521
Adie,5011675,20260206_080531
KZ Tandingan,2749878,20260206_080541
Gloc-9,2868558,20260206_080551
Al James,3620219,20260206_080600
Shanti Dope,4226229,20260206_080610
Flow G,4481702,20260206_080620
Regine Velasquez,1538339,20260206_080629
Yeng Constantino,1532457,20260206_080639
Morissette,1125382,20260206_080649
SB19,P-Pop,1341507,2106816,"Quezon City, PH",145199,"Manila, PH",93843,"Caloocan City, PH",62664,"Davao City, PH",58750,"Cebu City, PH",56832,20260207_005735
BINI,P-Pop,1716456,5113996,"Quezon City, PH",206933,"Manila, PH",135581,"Caloocan City, PH",89118,"Davao City, PH",88943,"Cebu City, PH",82477,20260207_005748
BGYO,P-Pop,100137,147070,"Quezon City, PH",10081,"Manila, PH",6718,"Davao City, PH",4655,"Cebu City, PH",4407,"Caloocan City, PH",3941,20260207_005800
ALAMAT,P-Pop,434862,379881,"Quezon City, PH",53425,"Manila, PH",33138,"Caloocan City, PH",21935,"Davao City, PH",21620,"Makati City, PH",20609,20260207_005812
Press Hit Play,P-Pop,22816,21408,"Quezon City, PH",2415,"Manila, PH",1595,"Davao City, PH",969,"Cebu City, PH",965,"Caloocan City, PH",913,20260207_005824
VXON,P-Pop,113289,82619,"Quezon City, PH",13001,"Manila, PH",8719,"Caloocan City, PH",5329,"Makati City, PH",5117,"Davao City, PH",5020,20260207_005835
1st.One,P-Pop,92002,26867,"Quezon City, PH",9690,"Manila, PH",6292,"Davao City, PH",3910,"Caloocan City, PH",3826,"Makati City, PH",3709,20260207_005847
4th Impact,P-Pop,10350,15164,"Quezon City, PH",484,"Manila, PH",286,"Davao City, PH",200,"Makati City, PH",183,"Caloocan City, PH",180,20260207_005900
MNL48,P-Pop,56590,45773,"Quezon City, PH",8004,"Manila, PH",4834,"Caloocan City, PH",3172,"Makati City, PH",2974,"Davao City, PH",2603,20260207_005911
PPOP Generation,P-Pop,1407,7030,"Quezon City, PH",141,"Manila, PH",86,"Davao City, PH",62,"Cebu City, PH",50,"Makati City, PH",49,20260207_005923
KAIA,P-Pop,85364,89376,"Quezon City, PH",9558,"Manila, PH",6145,"Caloocan City, PH",3873,"Davao City, PH",3690,"Makati City, PH",3533,20260207_005935
DIONE,P-Pop,1529,11355,"Quezon City, PH",154,"Manila, PH",112,"Caloocan City, PH",72,"Makati City, PH",57,"Cebu City, PH",55,20260207_005946
G22,P-Pop,110940,100407,"Quezon City, PH",13400,"Manila, PH",8264,"Caloocan City, PH",5455,"Makati City, PH",5062,"Davao City, PH",4833,20260207_005958
FINIX,P-Pop,11764,1236,"Frankfurt am Main, DE",792,"London, GB",668,"Quezon City, PH",657,"Manila, PH",432,"Davao City, PH",358,20260207_010010
PABLO,SB19 Solo,144692,358133,"Quezon City, PH",19323,"Manila, PH",11518,"Caloocan City, PH",8232,"Makati City, PH",7358,"San Juan, PH",6467,20260207_010022
JOSH CULLEN,SB19 Solo,133774,263866,"Quezon City, PH",15762,"Manila, PH",9690,"Caloocan City, PH",6320,"Makati City, PH",5921,"Cebu City, PH",5324,20260207_010033
Stell,SB19 Solo,70624,211024,"Quezon City, PH",10006,"Manila, PH",5596,"Caloocan City, PH",4035,"Makati City, PH",3730,"San Juan, PH",3169,20260207_010045
Felip,SB19 Solo,189349,343533,"Quezon City, PH",19530,"Manila, PH",11588,"Caloocan City, PH",8101,"Makati City, PH",7396,"Cebu City, PH",7113,20260207_010057
justin,SB19 Solo,211355,298110,"Quezon City, PH",22035,"Manila, PH",15723,"Davao City, PH",10386,"Cebu City, PH",10076,"Makati City, PH",8481,20260207_010109
Sarah Geronimo,OPM Pop,3261709,3708449,"Quezon City, PH",398509,"Manila, PH",280408,"Davao City, PH",184357,"Cebu City, PH",163691,"Caloocan City, PH",161165,20260207_010120
Moira Dela Torre,OPM Pop,3281223,10673457,"Quezon City, PH",344595,"Manila, PH",256481,"Davao City, PH",183664,"Cebu City, PH",169950,"Caloocan City, PH",138162,20260207_010132
Zack Tabudlo,OPM Pop,4707145,4793571,"Quezon City, PH",399933,"Manila, PH",276087,"Davao City, PH",198553,"Cebu City, PH",180788,"Caloocan City, PH",164695,20260207_010144
Arthur Nery,OPM Pop,9324116,9009555,"Quezon City, PH",1254827,"Manila, PH",994371,"Davao City, PH",648357,"Cebu City, PH",568754,"Caloocan City, PH",537336,20260207_010156
juan karlos,OPM Pop,2945496,2684401,"Quezon City, PH",324041,"Manila, PH",235682,"Davao City, PH",167122,"Cebu City, PH",146061,"Caloocan City, PH",129792,20260207_010208
Dilaw,OPM Pop,3333504,1168945,"Quezon City, PH",335477,"Manila, PH",258937,"Davao City, PH",192697,"Cebu City, PH",169117,"Cagayan de Oro, PH",132593,20260207_010219
Adie,OPM Pop,5030767,4146409,"Quezon City, PH",547703,"Manila, PH",430093,"Davao City, PH",313817,"Cebu City, PH",276188,"Cagayan de Oro, PH",221724,20260207_010231
James Reid,OPM Pop,1982112,618951,"Quezon City, PH",222342,"Manila, PH",152362,"Davao City, PH",115077,"Cebu City, PH",98665,"Caloocan City, PH",90601,20260207_010243
Nadine Lustre,OPM Pop,1450079,314195,"Quezon City, PH",161684,"Manila, PH",115657,"Davao City, PH",86849,"Cebu City, PH",71041,"Caloocan City, PH",63042,20260207_010255
Daniel Padilla,OPM Pop,1574627,478190,"Quezon City, PH",153431,"Manila, PH",122043,"Davao City, PH",83972,"Cebu City, PH",72286,"Caloocan City, PH",59404,20260207_010306
Darren Espanto,OPM Pop,483008,464186,"Quezon City, PH",45628,"Manila, PH",33151,"Davao City, PH",23246,"Cebu City, PH",22072,"Makati City, PH",17720,20260207_010318
Inigo Pascual,OPM Pop,230975,413944,"Quezon City, PH",16419,"Manila, PH",10496,"Davao City, PH",8036,"Cebu City, PH",7218,"Caloocan City, PH",6374,20260207_010330
AC Bonifacio,OPM Pop,3844,15690,"Quezon City, PH",391,"Manila, PH",264,"Davao City, PH",185,"Cebu City, PH",177,"Caloocan City, PH",164,20260207_010342
Maymay Entrata,OPM Pop,262477,113756,"Quezon City, PH",24988,"Manila, PH",18716,"Davao City, PH",15023,"Cebu City, PH",13202,"Cagayan de Oro, PH",9884,20260207_010353
Janella Salvador,OPM Pop,240096,266257,"Quezon City, PH",21333,"Manila, PH",15630,"Davao City, PH",13171,"Cebu City, PH",11820,"Cagayan de Oro, PH",9030,20260207_010405
Julie Anne San Jose,OPM Pop,1003828,879058,"Quezon City, PH",111343,"Manila, PH",78909,"Davao City, PH",52275,"Cebu City, PH",49764,"Caloocan City, PH",45353,20260207_010417
Sam Concepcion,OPM Pop,1135480,230443,"Quezon City, PH",122206,"Manila, PH",88244,"Davao City, PH",66340,"Cebu City, PH",55674,"Caloocan City, PH",48782,20260207_010429
Toni Gonzaga,OPM Pop,1034025,769739,"Quezon City, PH",114503,"Manila, PH",86321,"Davao City, PH",59550,"Cebu City, PH",54041,"Caloocan City, PH",46822,20260207_010440
Ace Banzuelo,OPM Pop,1247452,675682,"Quezon City, PH",125749,"Manila, PH",96660,"Davao City, PH",72089,"Cebu City, PH",61715,"Cagayan de Oro, PH",50267,20260207_010452
Maki,OPM Pop,4418581,2006870,"Quezon City, PH",561155,"Manila, PH",389560,"Davao City, PH",253865,"Caloocan City, PH",240367,"Cebu City, PH",227544,20260207_010504
John Roa,OPM Pop,3156705,1614866,"Quezon City, PH",403513,"Manila, PH",290625,"Davao City, PH",190606,"Caloocan City, PH",173150,"Cebu City, PH",161334,20260207_010516
Denise Julia,OPM Pop,2061195,901308,"Quezon City, PH",178359,"Manila, PH",118583,"Davao City, PH",84560,"Cebu City, PH",74506,"Caloocan City, PH",73751,20260207_010528
JMKO,OPM Pop,10665,4612,"Quezon City, PH",1084,"Manila, PH",705,"Davao City, PH",536,"Cebu City, PH",512,"Cagayan de Oro, PH",416,20260207_010540
grentperez,OPM Pop,1926747,816301,"Quezon City, PH",48028,"Jakarta, ID",40216,"Sydney, AU",37844,"Los Angeles, US",34029,"Manila, PH",30828,20260207_010551
Janine Berdin,OPM Pop,3713973,454883,"Quezon City, PH",359977,"Manila, PH",278000,"Davao City, PH",219312,"Cebu City, PH",191241,"Cagayan de Oro, PH",150598,20260207_010603
Ben&Ben,OPM Ballad,6493293,13623578,"Quezon City, PH",748326,"Manila, PH",581686,"Davao City, PH",425196,"Cebu City, PH",378510,"Caloocan City, PH",305019,20260207_010615
Lola Amour,OPM Ballad,3461321,2009723,"Quezon City, PH",363705,"Manila, PH",269751,"Davao City, PH",203865,"Cebu City, PH",177404,"Caloocan City, PH",143233,20260207_010627
SunKissed Lola,OPM Ballad,3067727,1123543,"Quezon City, PH",237153,"Manila, PH",168190,"Davao City, PH",125991,"Cebu City, PH",114049,"Caloocan City, PH",91044,20260207_010638
Cup of Joe,OPM Ballad,11046230,5692542,"Quezon City, PH",1118797,"Manila, PH",848477,"Davao City, PH",564792,"Jakarta, ID",540709,"Cebu City, PH",499266,20260207_010650
Dionela,OPM Ballad,4793641,3090791,"Quezon City, PH",561884,"Manila, PH",395778,"Davao City, PH",280667,"Cebu City, PH",255473,"Caloocan City, PH",241067,20260207_010702
Erik Santos,OPM Ballad,854633,726833,"Quezon City, PH",91248,"Manila, PH",63839,"Davao City, PH",45232,"Cebu City, PH",43602,"Caloocan City, PH",37418,20260207_010714
Jona,OPM Ballad,1046058,229588,"Quezon City, PH",106502,"Manila, PH",85400,"Davao City, PH",63256,"Cebu City, PH",57485,"Cagayan de Oro, PH",43198,20260207_010726
Angeline Quinto,OPM Ballad,1057917,912217,"Quezon City, PH",108906,"Manila, PH",79617,"Davao City, PH",58035,"Cebu City, PH",55077,"Caloocan City, PH",43246,20260207_010737
KZ Tandingan,OPM Ballad,2762913,1928633,"Quezon City, PH",293332,"Manila, PH",206700,"Davao City, PH",151732,"Cebu City, PH",139799,"Caloocan City, PH",119991,20260207_010749
Regine Velasquez,OPM Ballad,1545380,1916155,"Quezon City, PH",176085,"Manila, PH",117542,"Davao City, PH",77630,"Cebu City, PH",74570,"Caloocan City, PH",73997,20260207_010801
Yeng Constantino,OPM Ballad,1536413,2734973,"Quezon City, PH",178205,"Manila, PH",124594,"Davao City, PH",83869,"Caloocan City, PH",70770,"Cebu City, PH",69289,20260207_010813
Morissette,OPM Ballad,1120129,1151784,"Quezon City, PH",111783,"Manila, PH",78986,"Davao City, PH",59733,"Cebu City, PH",55215,"Caloocan City, PH",44149,20260207_010825
Nina,OPM Ballad,0,0,,,,,,,,,,,20260207_010857
Kyla,OPM Ballad,939807,1021098,"Quezon City, PH",107500,"Manila, PH",71798,"Davao City, PH",46551,"Caloocan City, PH",43547,"Cebu City, PH",42813,20260207_010908
Jaya,OPM Ballad,307751,171128,"Quezon City, PH",28799,"Manila, PH",21678,"Davao City, PH",16385,"Cebu City, PH",15708,"Makati City, PH",11375,20260207_010920
Rachel Alejandro,OPM Ballad,501898,154149,"Quezon City, PH",49342,"Manila, PH",35558,"Davao City, PH",27254,"Cebu City, PH",23303,"Caloocan City, PH",18574,20260207_010932
Jay R,OPM Ballad,3033763,405952,"Quezon City, PH",313983,"Manila, PH",213773,"Davao City, PH",157119,"Cebu City, PH",146045,"Caloocan City, PH",128686,20260207_010944
The Juans,OPM Ballad,2219532,1484427,"Quezon City, PH",276451,"Manila, PH",199196,"Davao City, PH",129238,"Caloocan City, PH",117704,"Cebu City, PH",113831,20260207_010956
SB19,P-Pop,1341507,2106816,"Quezon City, PH",145199,"Manila, PH",93843,"Caloocan City, PH",62664,"Davao City, PH",58750,"Cebu City, PH",56832,20260207_080014
BINI,P-Pop,1716456,5113996,"Quezon City, PH",206933,"Manila, PH",135581,"Caloocan City, PH",89118,"Davao City, PH",88943,"Cebu City, PH",82477,20260207_080026
BGYO,P-Pop,100137,147070,"Quezon City, PH",10081,"Manila, PH",6718,"Davao City, PH",4655,"Cebu City, PH",4407,"Caloocan City, PH",3941,20260207_080038
ALAMAT,P-Pop,434862,379881,"Quezon City, PH",53425,"Manila, PH",33138,"Caloocan City, PH",21935,"Davao City, PH",21620,"Makati City, PH",20609,20260207_080050
Press Hit Play,P-Pop,22816,21408,"Quezon City, PH",2415,"Manila, PH",1595,"Davao City, PH",969,"Cebu City, PH",965,"Caloocan City, PH",913,20260207_080101
VXON,P-Pop,113289,82619,"Quezon City, PH",13001,"Manila, PH",8719,"Caloocan City, PH",5329,"Makati City, PH",5117,"Davao City, PH",5020,20260207_080113
1st.One,P-Pop,92002,26867,"Quezon City, PH",9690,"Manila, PH",6292,"Davao City, PH",3910,"Caloocan City, PH",3826,"Makati City, PH",3709,20260207_080125
4th Impact,P-Pop,10350,15164,"Quezon City, PH",484,"Manila, PH",286,"Davao City, PH",200,"Makati City, PH",183,"Caloocan City, PH",180,20260207_080137
MNL48,P-Pop,56590,45773,"Quezon City, PH",8004,"Manila, PH",4834,"Caloocan City, PH",3172,"Makati City, PH",2974,"Davao City, PH",2603,20260207_080148
PPOP Generation,P-Pop,1407,7030,"Quezon City, PH",141,"Manila, PH",86,"Davao City, PH",62,"Cebu City, PH",50,"Makati City, PH",49,20260207_080200
KAIA,P-Pop,85364,89376,"Quezon City, PH",9558,"Manila, PH",6145,"Caloocan City, PH",3873,"Davao City, PH",3690,"Makati City, PH",3533,20260207_080212
DIONE,P-Pop,1529,11355,"Quezon City, PH",154,"Manila, PH",112,"Caloocan City, PH",72,"Makati City, PH",57,"Cebu City, PH",55,20260207_080224
G22,P-Pop,110940,100407,"Quezon City, PH",13400,"Manila, PH",8264,"Caloocan City, PH",5455,"Makati City, PH",5062,"Davao City, PH",4833,20260207_080235
FINIX,P-Pop,11764,1236,"Frankfurt am Main, DE",792,"London, GB",668,"Quezon City, PH",657,"Manila, PH",432,"Davao City, PH",358,20260207_080247
PABLO,SB19 Solo,144692,358133,"Quezon City, PH",19323,"Manila, PH",11518,"Caloocan City, PH",8232,"Makati City, PH",7358,"San Juan, PH",6467,20260207_080259
JOSH CULLEN,SB19 Solo,133774,263866,"Quezon City, PH",15762,"Manila, PH",9690,"Caloocan City, PH",6320,"Makati City, PH",5921,"Cebu City, PH",5324,20260207_080311
Stell,SB19 Solo,70624,211024,"Quezon City, PH",10006,"Manila, PH",5596,"Caloocan City, PH",4035,"Makati City, PH",3730,"San Juan, PH",3169,20260207_080322
Felip,SB19 Solo,189349,343533,"Quezon City, PH",19530,"Manila, PH",11588,"Caloocan City, PH",8101,"Makati City, PH",7396,"Cebu City, PH",7113,20260207_080334
justin,SB19 Solo,211355,298110,"Quezon City, PH",22035,"Manila, PH",15723,"Davao City, PH",10386,"Cebu City, PH",10076,"Makati City, PH",8481,20260207_080347
Sarah Geronimo,OPM Pop,3261709,3708449,"Quezon City, PH",398509,"Manila, PH",280408,"Davao City, PH",184357,"Cebu City, PH",163691,"Caloocan City, PH",161165,20260207_080400
Moira Dela Torre,OPM Pop,3281223,10673457,"Quezon City, PH",344595,"Manila, PH",256481,"Davao City, PH",183664,"Cebu City, PH",169950,"Caloocan City, PH",138162,20260207_080412
Zack Tabudlo,OPM Pop,4707145,4793571,"Quezon City, PH",399933,"Manila, PH",276087,"Davao City, PH",198553,"Cebu City, PH",180788,"Caloocan City, PH",164695,20260207_080424
Arthur Nery,OPM Pop,9324116,9009555,"Quezon City, PH",1254827,"Manila, PH",994371,"Davao City, PH",648357,"Cebu City, PH",568754,"Caloocan City, PH",537336,20260207_080436
juan karlos,OPM Pop,2945496,2684401,"Quezon City, PH",324041,"Manila, PH",235682,"Davao City, PH",167122,"Cebu City, PH",146061,"Caloocan City, PH",129792,20260207_080448
Dilaw,OPM Pop,3333504,1168945,"Quezon City, PH",335477,"Manila, PH",258937,"Davao City, PH",192697,"Cebu City, PH",169117,"Cagayan de Oro, PH",132593,20260207_080500
Adie,OPM Pop,5030767,4146409,"Quezon City, PH",547703,"Manila, PH",430093,"Davao City, PH",313817,"Cebu City, PH",276188,"Cagayan de Oro, PH",221724,20260207_080511
James Reid,OPM Pop,1982112,618951,"Quezon City, PH",222342,"Manila, PH",152362,"Davao City, PH",115077,"Cebu City, PH",98665,"Caloocan City, PH",90601,20260207_080523
Nadine Lustre,OPM Pop,1450079,314195,"Quezon City, PH",161684,"Manila, PH",115657,"Davao City, PH",86849,"Cebu City, PH",71041,"Caloocan City, PH",63042,20260207_080535
Daniel Padilla,OPM Pop,1574627,478190,"Quezon City, PH",153431,"Manila, PH",122043,"Davao City, PH",83972,"Cebu City, PH",72286,"Caloocan City, PH",59404,20260207_080547
Darren Espanto,OPM Pop,483008,464186,"Quezon City, PH",45628,"Manila, PH",33151,"Davao City, PH",23246,"Cebu City, PH",22072,"Makati City, PH",17720,20260207_080558
Inigo Pascual,OPM Pop,230975,413944,"Quezon City, PH",16419,"Manila, PH",10496,"Davao City, PH",8036,"Cebu City, PH",7218,"Caloocan City, PH",6374,20260207_080610
AC Bonifacio,OPM Pop,3844,15690,"Quezon City, PH",391,"Manila, PH",264,"Davao City, PH",185,"Cebu City, PH",177,"Caloocan City, PH",164,20260207_080623
Maymay Entrata,OPM Pop,262477,113756,"Quezon City, PH",24988,"Manila, PH",18716,"Davao City, PH",15023,"Cebu City, PH",13202,"Cagayan de Oro, PH",9884,20260207_080635
Janella Salvador,OPM Pop,240096,266257,"Quezon City, PH",21333,"Manila, PH",15630,"Davao City, PH",13171,"Cebu City, PH",11820,"Cagayan de Oro, PH",9030,20260207_080647
Julie Anne San Jose,OPM Pop,1003828,879058,"Quezon City, PH",111343,"Manila, PH",78909,"Davao City, PH",52275,"Cebu City, PH",49764,"Caloocan City, PH",45353,20260207_080659
Sam Concepcion,OPM Pop,1135480,230443,"Quezon City, PH",122206,"Manila, PH",88244,"Davao City, PH",66340,"Cebu City, PH",55674,"Caloocan City, PH",48782,20260207_080711
Toni Gonzaga,OPM Pop,1034025,769739,"Quezon City, PH",114503,"Manila, PH",86321,"Davao City, PH",59550,"Cebu City, PH",54041,"Caloocan City, PH",46822,20260207_080722
Ace Banzuelo,OPM Pop,1247452,675682,"Quezon City, PH",125749,"Manila, PH",96660,"Davao City, PH",72089,"Cebu City, PH",61715,"Cagayan de Oro, PH",50267,20260207_080734
Maki,OPM Pop,4418581,2006870,"Quezon City, PH",561155,"Manila, PH",389560,"Davao City, PH",253865,"Caloocan City, PH",240367,"Cebu City, PH",227544,20260207_080746
John Roa,OPM Pop,3156705,1614866,"Quezon City, PH",403513,"Manila, PH",290625,"Davao City, PH",190606,"Caloocan City, PH",173150,"Cebu City, PH",161334,20260207_080758
Denise Julia,OPM Pop,2061195,901308,"Quezon City, PH",178359,"Manila, PH",118583,"Davao City, PH",84560,"Cebu City, PH",74506,"Caloocan City, PH",73751,20260207_080809
JMKO,OPM Pop,10665,4612,"Quezon City, PH",1084,"Manila, PH",705,"Davao City, PH",536,"Cebu City, PH",512,"Cagayan de Oro, PH",416,20260207_080823
grentperez,OPM Pop,1926747,816301,"Quezon City, PH",48028,"Jakarta, ID",40216,"Sydney, AU",37844,"Los Angeles, US",34029,"Manila, PH",30828,20260207_080835
Janine Berdin,OPM Pop,3713973,454883,"Quezon City, PH",359977,"Manila, PH",278000,"Davao City, PH",219312,"Cebu City, PH",191241,"Cagayan de Oro, PH",150598,20260207_080846
Ben&Ben,OPM Ballad,6493293,13623578,"Quezon City, PH",748326,"Manila, PH",581686,"Davao City, PH",425196,"Cebu City, PH",378510,"Caloocan City, PH",305019,20260207_080858
Lola Amour,OPM Ballad,3461321,2009723,"Quezon City, PH",363705,"Manila, PH",269751,"Davao City, PH",203865,"Cebu City, PH",177404,"Caloocan City, PH",143233,20260207_080910
SunKissed Lola,OPM Ballad,3067727,1123543,"Quezon City, PH",237153,"Manila, PH",168190,"Davao City, PH",125991,"Cebu City, PH",114049,"Caloocan City, PH",91044,20260207_080922
Cup of Joe,OPM Ballad,11046230,5692542,"Quezon City, PH",1118797,"Manila, PH",848477,"Davao City, PH",564792,"Jakarta, ID",540709,"Cebu City, PH",499266,20260207_080934
Dionela,OPM Ballad,4793641,3090791,"Quezon City, PH",561884,"Manila, PH",395778,"Davao City, PH",280667,"Cebu City, PH",255473,"Caloocan City, PH",241067,20260207_080945
Erik Santos,OPM Ballad,854633,726833,"Quezon City, PH",91248,"Manila, PH",63839,"Davao City, PH",45232,"Cebu City, PH",43602,"Caloocan City, PH",37418,20260207_080957
Jona,OPM Ballad,1046058,229588,"Quezon City, PH",106502,"Manila, PH",85400,"Davao City, PH",63256,"Cebu City, PH",57485,"Cagayan de Oro, PH",43198,20260207_081009
Angeline Quinto,OPM Ballad,1057917,912217,"Quezon City, PH",108906,"Manila, PH",79617,"Davao City, PH",58035,"Cebu City, PH",55077,"Caloocan City, PH",43246,20260207_081021
KZ Tandingan,OPM Ballad,2762913,1928633,"Quezon City, PH",293332,"Manila, PH",206700,"Davao City, PH",151732,"Cebu City, PH",139799,"Caloocan City, PH",119991,20260207_081032
Regine Velasquez,OPM Ballad,1545380,1916155,"Quezon City, PH",176085,"Manila, PH",117542,"Davao City, PH",77630,"Cebu City, PH",74570,"Caloocan City, PH",73997,20260207_081044
Yeng Constantino,OPM Ballad,1536413,2734973,"Quezon City, PH",178205,"Manila, PH",124594,"Davao City, PH",83869,"Caloocan City, PH",70770,"Cebu City, PH",69289,20260207_081056
Morissette,OPM Ballad,1120129,1151784,"Quezon City, PH",111783,"Manila, PH",78986,"Davao City, PH",59733,"Cebu City, PH",55215,"Caloocan City, PH",44149,20260207_081108
Nina,OPM Ballad,0,0,,,,,,,,,,,20260207_081140
Kyla,OPM Ballad,939807,1021098,"Quezon City, PH",107500,"Manila, PH",71798,"Davao City, PH",46551,"Caloocan City, PH",43547,"Cebu City, PH",42813,20260207_081152
Jaya,OPM Ballad,307751,171128,"Quezon City, PH",28799,"Manila, PH",21678,"Davao City, PH",16385,"Cebu City, PH",15708,"Makati City, PH",11375,20260207_081205
Rachel Alejandro,OPM Ballad,501898,154149,"Quezon City, PH",49342,"Manila, PH",35558,"Davao City, PH",27254,"Cebu City, PH",23303,"Caloocan City, PH",18574,20260207_081216
Jay R,OPM Ballad,3033763,405952,"Quezon City, PH",313983,"Manila, PH",213773,"Davao City, PH",157119,"Cebu City, PH",146045,"Caloocan City, PH",128686,20260207_081228
The Juans,OPM Ballad,2219532,1484427,"Quezon City, PH",276451,"Manila, PH",199196,"Davao City, PH",129238,"Caloocan City, PH",117704,"Cebu City, PH",113831,20260207_081240
I Belong to the Zoo,OPM Ballad,2993970,3349034,"Quezon City, PH",313182,"Manila, PH",252767,"Davao City, PH",188072,"Cebu City, PH",163244,"Cagayan de Oro, PH",129287,20260207_081252
This Band,OPM Ballad,2561405,2081189,"Quezon City, PH",261882,"Manila, PH",207114,"Davao City, PH",156631,"Cebu City, PH",135518,"Cagayan de Oro, PH",107235,20260207_081304
Magnus Haven,OPM Ballad,3741630,901543,"Quezon City, PH",372703,"Manila, PH",283827,"Davao City, PH",219821,"Cebu City, PH",190648,"Cagayan de Oro, PH",148819,20260207_081315
NOBITA,OPM Ballad,3667859,2410489,"Quezon City, PH",351659,"Manila, PH",279848,"Davao City, PH",221487,"Cebu City, PH",193742,"Cagayan de Oro, PH",150953,20260207_081327
December Avenue,OPM Rock,7458904,8999258,"Quezon City, PH",917873,"Manila, PH",715543,"Davao City, PH",502112,"Cebu City, PH",437553,"Caloocan City, PH",381635,20260207_081339
Parokya Ni Edgar,OPM Rock,5756344,4747877,"Quezon City, PH",669357,"Manila, PH",515570,"Davao City, PH",379851,"Cebu City, PH",312166,"Caloocan City, PH",271876,20260207_081351
Eraserheads,OPM Rock,3490857,5411954,"Quezon City, PH",399580,"Manila, PH",293408,"Davao City, PH",213715,"Cebu City, PH",173762,"Caloocan City, PH",162822,20260207_081403
Rivermaya,OPM Rock,2769946,2531937,"Quezon City, PH",312518,"Manila, PH",221023,"Davao City, PH",173967,"Cebu City, PH",137605,"Caloocan City, PH",127496,20260207_081415
Sponge Cola,OPM Rock,2751906,1807046,"Quezon City, PH",306585,"Manila, PH",229436,"Davao City, PH",165161,"Cebu City, PH",132038,"Caloocan City, PH",125283,20260207_081427
The Itchyworms,OPM Rock,2818460,1876886,"Quezon City, PH",288538,"Manila, PH",211517,"Davao City, PH",165669,"Cebu City, PH",138893,"Caloocan City, PH",111622,20260207_081438
IV of Spades,OPM Rock,6938883,3961449,"Quezon City, PH",716594,"Manila, PH",536316,"Davao City, PH",382351,"Cebu City, PH",334570,"Caloocan City, PH",289197,20260207_081450
Unique Salonga,OPM Rock,4391505,661578,"Quezon City, PH",454540,"Manila, PH",352663,"Davao City, PH",269519,"Cebu City, PH",227124,"Cagayan de Oro, PH",180584,20260207_081502
Orange & Lemons,OPM Rock,5000427,2740108,"Quezon City, PH",525875,"Manila, PH",402987,"Davao City, PH",316108,"Cebu City, PH",272154,"Cagayan de Oro, PH",214176,20260207_081514
Silent Sanctuary,OPM Rock,5380527,7015580,"Quezon City, PH",625621,"Manila, PH",497338,"Davao City, PH",355223,"Cebu City, PH",302221,"Caloocan City, PH",255232,20260207_081526
Kamikazee,OPM Rock,2752123,2114077,"Quezon City, PH",311502,"Manila, PH",220737,"Davao City, PH",163889,"Cebu City, PH",128828,"Caloocan City, PH",127820,20260207_081537
Sandwich,OPM Rock,210100,482602,"Quezon City, PH",23003,"Manila, PH",13386,"Davao City, PH",10596,"Caloocan City, PH",9698,"Makati City, PH",8125,20260207_081549
Sugarfree,OPM Rock,3076818,1416050,"Quezon City, PH",323112,"Manila, PH",245643,"Davao City, PH",178456,"Cebu City, PH",141805,"Caloocan City, PH",125169,20260207_081601
Chicosci,OPM Rock,107565,190403,"Quezon City, PH",15431,"Manila, PH",7463,"Caloocan City, PH",6906,"San Juan, PH",5998,"Makati City, PH",5340,20260207_081613
Typecast,OPM Rock,258742,177775,"Quezon City, PH",31845,"Manila, PH",17362,"Caloocan City, PH",13638,"Davao City, PH",12411,"Makati City, PH",11718,20260207_081625
Moonstar88,OPM Rock,2513784,1397746,"Quezon City, PH",269418,"Manila, PH",196213,"Davao City, PH",146106,"Cebu City, PH",118708,"Caloocan City, PH",104805,20260207_081637
Hale,OPM Rock,3677026,1441649,"Quezon City, PH",384584,"Manila, PH",297060,"Davao City, PH",236383,"Cebu City, PH",198507,"Cagayan de Oro, PH",160157,20260207_081650
Callalily,OPM Rock,1979635,2235656,"Quezon City, PH",195361,"Manila, PH",150257,"Davao City, PH",119140,"Cebu City, PH",99842,"Cagayan de Oro, PH",78689,20260207_081701
6cyclemind,OPM Rock,1276958,1568370,"Quezon City, PH",138444,"Manila, PH",95090,"Davao City, PH",76049,"Cebu City, PH",57298,"Caloocan City, PH",56512,20260207_081713
Bamboo,OPM Rock,916752,1261769,"Quezon City, PH",92924,"Manila, PH",64205,"Davao City, PH",56445,"Cebu City, PH",40174,"Caloocan City, PH",37795,20260207_081727
Ely Buendia,OPM Rock,41108,85979,"Quezon City, PH",4796,"Manila, PH",2638,"Caloocan City, PH",1971,"Davao City, PH",1955,"Makati City, PH",1667,20260207_081739
Rico Blanco,OPM Rock,4929371,1794871,"Quezon City, PH",550371,"Manila, PH",436287,"Davao City, PH",325113,"Cebu City, PH",273983,"Cagayan de Oro, PH",224927,20260207_081751
Urbandub,OPM Rock,218152,298016,"Quezon City, PH",31252,"Manila, PH",15542,"Caloocan City, PH",13944,"San Juan, PH",11976,"Makati City, PH",11095,20260207_081803
Cueshe,OPM Rock,2974536,1584855,"Quezon City, PH",313905,"Manila, PH",244056,"Davao City, PH",199504,"Cebu City, PH",160675,"Cagayan de Oro, PH",134393,20260207_081814
Mayonnaise,OPM Rock,2196489,2047048,"Quezon City, PH",237486,"Manila, PH",170987,"Davao City, PH",124364,"Cebu City, PH",102178,"Caloocan City, PH",96116,20260207_081826
Autotelic,OPM Rock,151013,219097,"Quezon City, PH",20390,"Manila, PH",11691,"Caloocan City, PH",8533,"Makati City, PH",7535,"San Juan, PH",6692,20260207_081838
Munimuni,OPM Indie,1955679,1035419,"Quezon City, PH",200264,"Manila, PH",167885,"Davao City, PH",116230,"Cebu City, PH",99497,"Cagayan de Oro, PH",79146,20260207_081850
Over October,OPM Indie,3419727,756559,"Quezon City, PH",349987,"Manila, PH",275322,"Davao City, PH",204822,"Cebu City, PH",173145,"Cagayan de Oro, PH",140259,20260207_081902
Any Name's Okay,OPM Indie,168140,123274,"Quezon City, PH",21141,"Manila, PH",13510,"Caloocan City, PH",8125,"Makati City, PH",7666,"Davao City, PH",7327,20260207_081913
SOS,OPM Indie,49363,58719,"Quezon City, PH",7121,"Manila, PH",3599,"Caloocan City, PH",2957,"Makati City, PH",2583,"San Juan, PH",2415,20260207_081925
The Ransom Collective,OPM Indie,38478,114333,"Quezon City, PH",5866,"Manila, PH",2992,"Caloocan City, PH",2423,"Makati City, PH",2204,"San Juan, PH",2043,20260207_081937
Johnoy Danao,OPM Indie,1021610,133551,"Quezon City, PH",103505,"Manila, PH",81184,"Davao City, PH",54676,"Cebu City, PH",47062,"Caloocan City, PH",39877,20260207_081949
Bullet Dumas,OPM Indie,19150,37022,"Quezon City, PH",2329,"Manila, PH",1380,"Caloocan City, PH",929,"Davao City, PH",883,"Makati City, PH",820,20260207_082000
Clara Benin,OPM Indie,148587,146187,"Quezon City, PH",16171,"Manila, PH",9815,"Caloocan City, PH",6415,"Makati City, PH",6310,"Davao City, PH",5876,20260207_082012
Reese Lansangan,OPM Indie,159913,177505,"Quezon City, PH",18514,"Manila, PH",11095,"Caloocan City, PH",7254,"Makati City, PH",7074,"Davao City, PH",7036,20260207_082024
B.P. Valenzuela,OPM Indie,6743,36055,"Quezon City, PH",996,"Caloocan City, PH",407,"Manila, PH",390,"San Juan, PH",362,"Makati City, PH",348,20260207_082036
Up Dharma Down,OPM Indie,6653992,1686067,"Quezon City, PH",793683,"Manila, PH",598401,"Davao City, PH",420541,"Cebu City, PH",358213,"Caloocan City, PH",323470,20260207_082049
Kitchie Nadal,OPM Indie,2808708,1309756,"Quezon City, PH",299471,"Manila, PH",223239,"Davao City, PH",166365,"Cebu City, PH",136840,"Caloocan City, PH",114068,20260207_082102
Barbie Almalbis,OPM Indie,183928,306522,"Quezon City, PH",20387,"Manila, PH",11744,"Davao City, PH",8377,"Caloocan City, PH",8054,"Makati City, PH",7572,20260207_082114
Zild,OPM Indie,647386,610162,"Quezon City, PH",89134,"Manila, PH",60422,"Caloocan City, PH",36099,"Makati City, PH",33202,"Davao City, PH",29845,20260207_082126
ena mori,OPM Indie,40789,23608,"Quezon City, PH",2098,"Manila, PH",1148,"Makati City, PH",883,"Caloocan City, PH",841,"San Juan, PH",674,20260207_082137
iluna,OPM Indie,1180418,164284,"Quezon City, PH",111035,"Manila, PH",93890,"Davao City, PH",68911,"Cebu City, PH",56173,"Cagayan de Oro, PH",45685,20260207_082149
Fern.,OPM Indie,158299,106196,"Quezon City, PH",15253,"Manila, PH",9335,"Caloocan City, PH",6262,"Makati City, PH",6016,"Davao City, PH",5054,20260207_082201
kiyo,OPM Indie,1486668,1095740,"Quezon City, PH",171167,"Manila, PH",126218,"Davao City, PH",80182,"Caloocan City, PH",67689,"Cebu City, PH",65880,20260207_082213
Hev Abi,OPM Indie,4058141,4901774,"Quezon City, PH",592452,"Manila, PH",435357,"Caloocan City, PH",258936,"Davao City, PH",239320,"Makati City, PH",229718,20260207_082224
gins&melodies,OPM Indie,2487127,500293,"Quezon City, PH",305587,"Manila, PH",224746,"Davao City, PH",136855,"Caloocan City, PH",125160,"Makati City, PH",112422,20260207_082236
syd hartha,OPM Indie,700840,200964,"Quezon City, PH",69997,"Manila, PH",54701,"Davao City, PH",37105,"Cebu City, PH",31409,"Caloocan City, PH",26044,20260207_082248
Ogie Alcasid,OPM Classic,970523,603833,"Quezon City, PH",95692,"Manila, PH",70849,"Davao City, PH",50643,"Cebu City, PH",48822,"Caloocan City, PH",37668,20260207_082300
Gary Valenciano,OPM Classic,707395,900429,"Quezon City, PH",78023,"Manila, PH",47743,"Davao City, PH",33559,"Caloocan City, PH",32484,"Cebu City, PH",32313,20260207_082311
Martin Nievera,OPM Classic,389827,327805,"Quezon City, PH",38311,"Manila, PH",24927,"Cebu City, PH",18414,"Davao City, PH",18216,"Caloocan City, PH",15597,20260207_082323
Piolo Pascual,OPM Classic,519536,238157,"Quezon City, PH",49737,"Manila, PH",37896,"Davao City, PH",28122,"Cebu City, PH",24250,"Caloocan City, PH",19150,20260207_082335
Lea Salonga,OPM Classic,3140586,216789,"London, GB",59625,"Quezon City, PH",45101,"Sydney, AU",42508,"Los Angeles, US",36093,"Melbourne, AU",35105,20260207_082347
Sharon Cuneta,OPM Classic,497148,392455,"Quezon City, PH",50223,"Manila, PH",35183,"Davao City, PH",25883,"Cebu City, PH",24803,"Caloocan City, PH",19672,20260207_082358
Jose Mari Chan,OPM Classic,688132,391261,"Quezon City, PH",51816,"Manila, PH",36062,"Cebu City, PH",30291,"Davao City, PH",30114,"Jakarta, ID",28823,20260207_082410
APO Hiking Society,OPM Classic,2191809,1169875,"Quezon City, PH",220129,"Manila, PH",160697,"Davao City, PH",124345,"Cebu City, PH",112033,"Caloocan City, PH",83868,20260207_082422
VST & Company,OPM Classic,1405093,239246,"Quezon City, PH",143506,"Manila, PH",100039,"Davao City, PH",70920,"Cebu City, PH",63166,"Caloocan City, PH",56596,20260207_082433
Freddie Aguilar,OPM Classic,472001,332567,"Quezon City, PH",37032,"Davao City, PH",32247,"Manila, PH",31137,"Cebu City, PH",21721,"Cagayan de Oro, PH",19801,20260207_082445
Rey Valera,OPM Classic,1279629,290493,"Quezon City, PH",125132,"Manila, PH",95990,"Davao City, PH",71454,"Cebu City, PH",63669,"Makati City, PH",49003,20260207_082457
Basil Valdez,OPM Classic,914117,266628,"Quezon City, PH",87717,"Manila, PH",59440,"Davao City, PH",45296,"Cebu City, PH",43852,"Caloocan City, PH",34414,20260207_082509
Noel Cabangon,OPM Classic,398236,65218,"Quezon City, PH",39355,"Manila, PH",26309,"Davao City, PH",20598,"Cebu City, PH",18242,"Caloocan City, PH",15620,20260207_082520
Side A,OPM Classic,1086214,883437,"Quezon City, PH",119159,"Manila, PH",77606,"Davao City, PH",53945,"Cebu City, PH",50960,"Caloocan City, PH",48518,20260207_082532
Aegis,OPM Classic,357396,272863,"Quezon City, PH",31329,"Manila, PH",23775,"Davao City, PH",18582,"Cebu City, PH",16514,"Makati City, PH",12344,20260207_082544
True Faith,OPM Classic,505109,571887,"Quezon City, PH",51556,"Manila, PH",33672,"Davao City, PH",24708,"Caloocan City, PH",20583,"Cebu City, PH",20192,20260207_082555
South Border,OPM Classic,1745291,1086155,"Quezon City, PH",187490,"Manila, PH",124402,"Davao City, PH",87768,"Cebu City, PH",80699,"Caloocan City, PH",76624,20260207_082607
Freestyle,OPM Classic,1899399,501315,"Quezon City, PH",219157,"Manila, PH",141786,"Davao City, PH",97630,"Caloocan City, PH",91753,"Cebu City, PH",88228,20260207_082619
Gloc-9,OPM Hip-Hop,2857278,1993492,"Quezon City, PH",348391,"Manila, PH",246104,"Davao City, PH",166205,"Caloocan City, PH",148855,"Cebu City, PH",134287,20260207_082631
Al James,OPM Hip-Hop,3617083,3344288,"Quezon City, PH",500446,"Manila, PH",364243,"Caloocan City, PH",216193,"Davao City, PH",211923,"Makati City, PH",192246,20260207_082642
Shanti Dope,OPM Hip-Hop,4226216,4110961,"Quezon City, PH",610230,"Manila, PH",471624,"Caloocan City, PH",268181,"Davao City, PH",263825,"Makati City, PH",241060,20260207_082654
Flow G,OPM Hip-Hop,4481039,4067915,"Quezon City, PH",633220,"Manila, PH",464042,"Caloocan City, PH",281585,"Davao City, PH",272267,"Makati City, PH",247317,20260207_082706
Skusta Clee,OPM Hip-Hop,5541847,2589761,"Quezon City, PH",738441,"Manila, PH",540629,"Davao City, PH",344549,"Caloocan City, PH",323335,"Cebu City, PH",290964,20260207_082718
Ex Battalion,OPM Hip-Hop,2898110,3127576,"Quezon City, PH",384051,"Manila, PH",291130,"Davao City, PH",183704,"Caloocan City, PH",166530,"Cebu City, PH",148793,20260207_082729
O.C. Dawgs,OPM Hip-Hop,2063947,796617,"Quezon City, PH",241143,"Manila, PH",176484,"Davao City, PH",122100,"Caloocan City, PH",98143,"Cebu City, PH",96488,20260207_082741
Matthaios,OPM Hip-Hop,700129,893414,"Quezon City, PH",67372,"Manila, PH",48113,"Davao City, PH",43498,"Cebu City, PH",35742,"Cagayan de Oro, PH",30447,20260207_082753
Because,OPM Hip-Hop,2337998,768112,"Quezon City, PH",290930,"Manila, PH",207390,"Davao City, PH",132253,"Caloocan City, PH",120498,"Cebu City, PH",108408,20260207_082804
CLR,OPM Hip-Hop,351433,255942,"Quezon City, PH",52011,"Manila, PH",32423,"Caloocan City, PH",23445,"Makati City, PH",18987,"San Juan, PH",16657,20260207_082816
Smugglaz,OPM Hip-Hop,924225,306664,"Quezon City, PH",119075,"Manila, PH",80357,"Caloocan City, PH",51350,"Makati City, PH",43289,"Davao City, PH",42848,20260207_082830
Andrew E.,OPM Hip-Hop,1209695,501900,"Quezon City, PH",119640,"Manila, PH",90130,"Davao City, PH",68828,"Cebu City, PH",56897,"Caloocan City, PH",48820,20260207_082843
FrancisM,OPM Hip-Hop,287843,193104,"Quezon City, PH",31859,"Manila, PH",19824,"Caloocan City, PH",13251,"Davao City, PH",13219,"Makati City, PH",11618,20260207_082855
