timestamp,views,likes,comments
2026-02-20 16:27:31,188751,41633,6096
2026-02-20 16:27:45,192320,41642,6102
2026-02-20 16:28:13,192320,41664,6108
2026-02-20 16:52:31,213538,42993,6319
2026-02-20 16:54:16,213538,43108,6329
2026-02-20 16:55:37,213538,43195,6335
2026-02-20 17:17:57,230261,44645,6557
2026-02-20 17:32:15,235671,45577,6646
2026-02-20 17:33:27,239962,45670,6657
2026-02-20 17:35:20,239962,45805,6679
2026-02-20 17:56:41,258426,47240,6830
2026-02-20 18:26:40,274582,48936,7017
2026-02-20 19:26:40,321434,52350,7419
2026-02-20 20:26:40,369115,55885,7815
2026-02-20 21:26:40,420167,58801,8231
2026-02-20 21:39:54,435490,59465,8332
2026-02-20 21:40:58,435490,59516,8340
2026-02-20 21:43:18,439468,59635,8360
2026-02-20 21:47:03,439468,59813,8384
2026-02-20 21:50:10,443031,59934,8406
2026-02-20 22:26:40,466464,61548,8633
2026-02-20 23:26:40,517105,63754,8995
2026-02-21 00:26:40,567930,65468,9273
2026-02-21 01:26:41,595307,66723,9484
2026-02-21 02:26:42,618139,67694,9684
2026-02-21 03:26:40,634969,68455,9825
2026-02-21 04:26:40,647286,69028,9909
2026-02-21 05:26:40,658133,69688,10037
2026-02-21 06:26:40,669924,70579,10174
2026-02-21 07:26:40,678839,71591,10383
2026-02-21 08:26:40,691309,73030,10641
2026-02-21 09:26:40,711253,74769,11014
2026-02-21 10:26:40,734691,76594,11443
2026-02-21 11:26:40,766074,78419,11801
2026-02-21 12:26:40,793912,79920,12196
2026-02-21 13:26:41,833085,81107,12428
2026-02-21 14:26:40,865228,82126,12674
2026-02-21 15:26:41,896666,83086,12872
2026-02-21 16:26:42,917084,84058,13065
2026-02-21 17:26:41,947123,84962,13260
2026-02-21 18:26:41,969625,85943,13476
2026-02-21 19:26:41,992888,86858,13668
2026-02-21 20:26:41,1018555,87893,14069
2026-02-21 21:26:41,1046473,88971,14240
2026-02-22 00:00:06,1102107,91018,14552
2026-02-22 04:00:08,1146182,92024,14709
2026-02-22 08:00:06,1164732,92907,14912
2026-02-22 12:00:07,1197122,94998,15229
2026-02-22 16:00:08,1244395,96989,15479
2026-02-22 20:00:08,1283445,98799,15703
2026-02-23 00:00:07,1323595,100453,15905
2026-02-23 01:39:47,1338463,100819,15941
2026-02-23 04:00:07,1350987,101165,15990
2026-02-23 08:00:07,1364559,101862,16102
2026-02-23 12:00:07,1394309,103382,16270
2026-02-23 19:38:39,1459211,105875,16518
2026-02-24 00:00:13,1497651,107137,16645
2026-02-24 08:00:07,1544541,108038,16770
2026-02-24 16:00:08,1625418,109446,17025
2026-02-25 00:00:14,1698460,111108,17256
2026-02-25 08:00:07,1733677,111789,17384
2026-02-25 16:00:09,1814254,113046,17581
2026-02-26 00:00:08,1919442,114297,17783
2026-02-26 08:00:07,1961615,114777,17926
2026-02-26 16:00:08,2040381,115643,18127
2026-02-27 00:00:08,2140136,116629,18250
2026-02-27 08:00:07,2174607,116973,18317
2026-02-27 16:00:07,2248460,117756,18412
2026-02-28 00:00:08,2340790,118623,18517
2026-02-28 08:00:08,2368887,118961,18562
2026-02-28 22:36:38,2511183,120319,18735
2026-03-01 00:00:07,2524692,120400,18753
2026-03-01 08:00:06,2552298,120589,18803
2026-03-01 16:00:06,2625418,121048,18860
2026-03-02 00:00:07,2711486,121476,18917
2026-03-02 08:00:06,2733010,121671,18952
2026-03-02 16:00:07,2792473,121999,19006
2026-03-03 00:00:07,2870120,122377,19083
2026-03-03 08:00:06,2890346,122523,19116
2026-03-03 16:00:07,2909185,122797,19193
2026-03-04 00:00:07,2929965,123084,19275
2026-03-04 08:00:07,2939173,123225,19314
2026-03-04 16:00:07,2956998,123516,19383
2026-03-05 00:00:08,2977759,123810,19445
2026-03-05 08:00:08,2986557,123906,19479
2026-03-05 16:00:08,3004296,124128,19581
2026-03-06 00:00:07,3031150,124648,19701
2026-03-06 08:00:08,3052166,124821,19752
2026-03-06 16:00:08,3090747,125160,19881
2026-03-07 00:00:07,3133642,125471,20009
2026-03-07 08:00:07,3147517,125603,20060
2026-03-07 16:00:06,3185380,125922,20137
2026-03-08 00:00:08,3230604,126177,20194
2026-03-08 08:00:08,3245163,126299,20228
2026-03-08 16:00:07,3279574,126547,20324
2026-03-09 00:00:07,3321662,126805,20404
2026-03-09 08:00:06,3335628,126884,20431
2026-03-09 16:00:07,3366059,127048,20494
2026-03-10 00:00:07,3405366,127221,20568
2026-03-10 08:00:07,3417149,127305,20607
2026-03-10 16:00:07,3448045,127473,20679
2026-03-11 00:00:08,3486647,127635,20801
2026-03-11 11:10:21,3511493,127758,20883
2026-03-12 00:00:08,3574612,128006,20984
2026-03-12 08:00:08,3589343,128064,21023
2026-03-13 00:00:08,3657375,128346,21061
2026-03-13 08:00:06,3670974,128408,21092
2026-03-13 16:00:06,3700748,128537,21133
2026-03-14 00:00:07,3736340,128663,21236
2026-03-14 08:00:06,3748716,128723,21281
2026-03-14 16:00:06,3780100,128861,21374
2026-03-15 00:00:07,3818434,129060,21458
2026-03-15 08:00:07,3831303,129179,21486
2026-03-15 16:00:08,3864737,129446,21548
2026-03-16 00:00:07,3902546,129686,21606
2026-03-16 17:46:49,3952132,129994,21794
2026-03-17 00:21:17,3981990,130172,21941
2026-03-17 08:00:07,3992593,130259,22035
2026-03-17 16:00:08,4023266,130426,22147
2026-03-18 00:00:07,4061241,130614,22228
2026-03-18 08:00:07,4072705,130702,22316
2026-03-18 16:00:07,4102761,130854,22364
2026-03-19 00:00:07,4141477,131000,22405
2026-03-19 08:00:07,4153898,131073,22434
2026-03-19 16:00:34,4186178,131235,22495
2026-03-20 00:00:07,4223066,131416,22555
2026-03-20 08:00:07,4231285,131484,22600
2026-03-20 16:00:07,4246356,131668,22633
2026-03-21 00:00:07,4261512,131873,22665
2026-03-21 08:00:07,4267651,131966,22672
2026-03-21 16:00:08,4282658,132203,22710
2026-03-22 00:00:08,4297705,132439,22756
2026-03-22 15:27:47,4317200,132773,22820
2026-03-22 16:00:07,4318039,132786,22820
2026-03-23 00:00:08,4332692,132998,22850
2026-03-23 08:00:07,4338286,133060,22863
2026-03-23 16:00:07,4351108,133213,22886
2026-03-24 00:00:07,4364530,133397,22919
2026-03-24 08:00:07,4369625,133466,22936
2026-03-24 16:00:07,4382677,133613,22966
2026-03-25 00:00:09,4396877,133753,23006
2026-03-26 00:00:07,4429804,134133,23099
2026-03-27 00:00:07,4462386,134505,23226
